vendor,contracts,actions,total_amount,noncompetitive_amount,share_of_total,cumulative_share,noncompetitive_share
MILLER WASTE SYSTEMS INC,1,1,491692363.39,0.0,0.08236,0.08236,0.0
NEW FLYER INDUSTRIES,9,13,378922432.77,54290.0,0.06347,0.14583,0.0001
EBC INC,1,1,344133900.0,0.0,0.05764,0.20347,0.0
ENVARI ENERGY SOLUTIONS,7,11,239663457.02,239663457.02,0.04014,0.24361,1.0
RW TOMLINSON LTD,55,67,228474724.39,0.0,0.03827,0.28188,0.0
SUNCOR/PETRO CANADA,1,1,200914600.0,0.0,0.03365,0.31553,0.0
THOMAS CAVANAGH CONSTRUCTION LTD,43,52,189882091.14,28335.79,0.03181,0.34734,0.0001
BELL MOBILITY INC,16,26,115626227.08,112113728.62,0.01937,0.36671,0.9696
BROCCOLINI CONSTRUCTION,1,1,115452850.0,0.0,0.01934,0.38605,0.0
MICROSOFT CORPORATION,2,4,115292773.32,115292773.32,0.01931,0.40536,1.0
GIP PAVING INC,25,27,114138669.86,0.0,0.01912,0.42448,0.0
NOVABUS ST EUSTACHE,5,7,91455349.3,96263.98,0.01532,0.4398,0.0011
ENVIRONMENTAL 360 SOLUTIONS LTD,1,1,86585332.46,0.0,0.0145,0.4543,0.0
ULTRAMAR / PARKLAND CORPORATION,2,5,77291614.85,0.0,0.01295,0.46725,0.0
BLACK & MCDONALD LIMITED,14,18,75077903.98,0.0,0.01258,0.47983,0.0
W O STINSON AND SON LTD,9,15,59868856.04,0.0,0.01003,0.48986,0.0
LOUIS W BRAY CONSTRUCTION LTD,15,22,58889646.66,0.0,0.00986,0.49972,0.0
STANTEC CONSULTING LTD,195,237,52627925.87,6903521.28,0.00882,0.50854,0.1312
THE AFTERMARKET PARTS COMPANY LLC,18,29,47923126.78,33226785.91,0.00803,0.51657,0.6933
DORAN CONTRACTORS LIMITED,7,9,47493153.33,5967074.28,0.00796,0.52453,0.1256
SAP CANADA INC,2,6,46002656.6,46002656.6,0.00771,0.53224,1.0
NORTH AMERICA CONSTRUCTION 1993 LTD,1,1,41565151.1,0.0,0.00696,0.5392,0.0
ROBINSON CONSULTANTS,96,129,41228575.85,0.0,0.00691,0.54611,0.0
NOVA NETWORKS INC,8,10,40592888.37,0.0,0.0068,0.55291,0.0
"A & G THE ROAD CLEANERS LTD,B G GORHAM CONSTRUCTION,PAVAGE INTER CITE (130247 CANADA INC),PML CONTRACTING INC,SUPER SPEEDY INC",1,1,39395286.21,0.0,0.0066,0.55951,0.0
GOLDIE MOHR LTD,30,46,38312130.09,0.0,0.00642,0.56593,0.0
RUSH TRUCK CENTRES OF CANADA LIMITE,3,3,37374230.93,0.0,0.00626,0.57219,0.0
PARSONS INC,100,131,35870021.81,838220.0,0.00601,0.5782,0.0234
THE CANADA LIFE ASSURANCE COMPANY,1,1,35378792.0,0.0,0.00593,0.58413,0.0
"TER MOR ENTERPRISES (1470581 ONTARIO INC), O/A TAMAX (1995653 ONTARIO INC),CARP RD CONTRACTING,D&L CONTRACTING AND EQUIPMENT,GERRY CREPIN CARTAGE LTD,GOLDIE MOHR LTD,JOSH LASALLE CONSTRUCTION,J W BASTIAN CONTRACTING INC,JWK UTILITIES AND SITE SERVICES LTD,MCWILLIAMS CONSTRUCTION LIMITED,MIKE MORRIS EQUIPMENT RENTALS INC,MAURICE DESCHAMBAULT,POSTCARD PERFECT LTD,ROBERT GOURLAY CARTAGE,ULTIMATE PAVEMENT WORKS,WARNOCK EQUIPMENT SERVICES LTD",1,1,33376285.19,0.0,0.00559,0.58972,0.0
OTTAWA SAFETY COUNCIL,3,3,31380080.79,0.0,0.00526,0.59498,0.0
VARIOUS,4,6,27950000.0,0.0,0.00468,0.59966,0.0
360 ADVANCED SECURITY CORP,10,11,27920511.39,198423.87,0.00468,0.60434,0.0071
BBB ARCHITECTS TORONTO INC.,2,2,26992301.65,26992301.65,0.00452,0.60886,1.0
IBM CANADA INC,1,2,26526909.0,0.0,0.00444,0.6133,0.0
CREATIVE CARRIAGE LTD,4,5,26020403.66,155019.4,0.00436,0.61766,0.006
ROGERS COMMUNICATIONS CANADA INC,1,1,25568687.5,0.0,0.00428,0.62194,0.0
RUSH TRUCK CENTRE OF CANADA LIMITED,10,12,24613639.89,2190749.44,0.00412,0.62606,0.089
SCHEIDT & BACHMANN GMBH,3,11,24334898.39,549687.0,0.00408,0.63014,0.0226
TAGGART CONSTRUCTION LTD,4,4,23773200.0,0.0,0.00398,0.63412,0.0
PARA LOGISTICS LTD,2,5,23204486.63,23204486.63,0.00389,0.63801,1.0
WEBBER INFRASTRUCTURE MANAGEMENT CA,2,2,22832427.37,0.0,0.00382,0.64183,0.0
SAFETEK EMERGENCY VEHICLES LTD,1,2,22445920.0,0.0,0.00376,0.64559,0.0
KEMIRA WATER SOLUTION CANADA INC,4,5,22101582.43,0.0,0.0037,0.64929,0.0
NORTH AMERICA CONSTRUCTION (1993) L,1,1,21602249.9,0.0,0.00362,0.65291,0.0
COMPASS GROUP CANADA LTD,2,2,21282288.0,0.0,0.00356,0.65647,0.0
CITY VIEW BUS SALES & SERVICE LTD.,5,6,21191523.43,32268.08,0.00355,0.66002,0.0015
NORS CONSTRUCTION EQUIPMENT CA ST L,4,5,20469659.8,561791.8,0.00343,0.66345,0.0274
SUNCOR ENERGY INC,1,1,20272470.8,0.0,0.0034,0.66685,0.0
"KARCHER MUNICIPAL NORTH AMERICA INC,JOE JOHNSON EQUIPMENT INC",1,1,20056593.6,0.0,0.00336,0.67021,0.0
OTTAWA D SQUARED CONSTRUCTION LTD,18,22,18977631.33,46424.0,0.00318,0.67339,0.0024
"ARBORIS INC,ASPLUNDH CANADA INC,DAVEY TREE EXPERT CO OF CANADA LTD,TREE COMPASS INC,VS LANDSCAPE GROUP,WRIGHT TREE SERVICE",1,2,18186075.4,0.0,0.00305,0.67644,0.0
NOVATECH ENGINEERING,36,54,17178437.29,0.0,0.00288,0.67932,0.0
ROGERS COMMUNICATIONS INC,1,1,17120000.0,17120000.0,0.00287,0.68219,1.0
J L RICHARDS AND ASSOCIATES LIMITED,62,74,16965561.96,0.0,0.00284,0.68503,0.0
KCE CONSTRUCTION LTD,13,13,16722324.23,0.0,0.0028,0.68783,0.0
ARROW PROPERTY SERVICE,25,27,16337709.21,0.0,0.00274,0.69057,0.0
"LAURENT LEBLANC LIMITED,P MUNRO GROUP INC.",1,4,16058568.69,0.0,0.00269,0.69326,0.0
SOLOTECH INC,1,2,15302975.6,0.0,0.00256,0.69582,0.0
COMPLETE PURCHASING SERVICES INC,1,1,15297723.2,0.0,0.00256,0.69838,0.0
BRANDT TRACTOR LTD - TRUCK & TRAILER,1,1,15187445.12,0.0,0.00254,0.70092,0.0
"CORNWALL GRAVEL CO LTD,THOMAS CAVANAGH CONSTRUCTION LTD,LAFARGE CANADA INC",1,1,14802440.0,0.0,0.00248,0.7034,0.0
LOGISTIK UNICORP INC,2,3,14758913.63,9262139.28,0.00247,0.70587,0.6276
WSP CANADA INC,87,90,14688718.36,0.0,0.00246,0.70833,0.0
THE FIA GROUP,6,6,14507026.36,0.0,0.00243,0.71076,0.0
IRON MOUNTAIN,2,2,13781865.8,0.0,0.00231,0.71307,0.0
"A & G THE ROAD CLEANERS LTD,B G GORHAM CONSTRUCTION",1,1,13302311.0,0.0,0.00223,0.7153,0.0
CAMPBELL FORD SALES LTD,35,36,13001120.51,0.0,0.00218,0.71748,0.0
ROBERT EXCAVATING LTD,4,4,12717222.21,0.0,0.00213,0.71961,0.0
B AND T MACFARLANE OTTAWA LTD,20,23,12623342.76,6145398.0,0.00211,0.72172,0.4868
PYRAMID SNOW SERVICES INC,2,4,12484826.86,0.0,0.00209,0.72381,0.0
LAURIN GROUP,4,4,11942780.4,0.0,0.002,0.72581,0.0
"1-888-DR WASTE INC.,BERNWOOD & K.JOLY CONTRACTING INC.,CAUSEWAY WORK CENTRE,DANWILL CONTRACTING,ENHANCED FACILITY SERVICES CLEANING,EUROWORLD CORP,GC CONSTRUCTION,GREEN WORKS CONTRACTING INC,HUBERT'S LANDSCAPING INC,MAXIMUM RENOVATION ETC,NEW LOOK GARDEN & SERVICES INC,PRODIGY PROPERTY MAINTENANCE INC,QUINN LANDSCAPING,SQM JANITORIAL SERVICES INC,TMK TREE AND HEDGES INC",1,1,11109830.54,0.0,0.00186,0.72767,0.0
COMMISSIONAIRES OTTAWA,4,10,10865053.72,0.0,0.00182,0.72949,0.0
WAJAX LIMITED,6,7,10720726.98,10663045.75,0.0018,0.73129,0.9946
AECON CONSTRUCTION ONTARIO EAST LTD,3,3,10715250.0,0.0,0.00179,0.73308,0.0
EGIS CANADA LTD,38,41,10685555.64,0.0,0.00179,0.73487,0.0
CAMIONS CARL THIBAULT INC,2,2,10584017.6,10584017.6,0.00177,0.73664,1.0
COMPUTRONIX CANADA LTD,2,4,10547450.66,0.0,0.00177,0.73841,0.0
IN DEPTH CONTRACTING,19,25,10391819.93,0.0,0.00174,0.74015,0.0
"D&L CONTRACTING AND EQUIPMENT,GERRY CREPIN CARTAGE LTD,KCE CONSTRUCTION LTD,LAPOINTE DRAINAGE LTD,LOUIS W BRAY CONSTRUCTION LTD,MALWOOD (9135545 CANADA INC),OSGOODE",1,1,10257024.27,0.0,0.00172,0.74187,0.0
CANADIAN CORPS OF COMMISSIONAIRES,1,1,10018616.81,0.0,0.00168,0.74355,0.0
"HICKS MORLEY HAMILTON STEWART STORI,PERLEY ROBERTSON,CAZA SAIKALEY SRL/LLP,GOWLING WLG (CANADA) LLP,EMOND HARNDEN LLP,BORDEN LADNER GERVAIS LLP",1,1,10000000.0,0.0,0.00168,0.74523,0.0
NOVA NETWORKS,5,7,9826992.31,0.0,0.00165,0.74688,0.0
SERVICE DE PNEUS LAVOIE,3,5,9733225.0,161970.0,0.00163,0.74851,0.0166
GLOBAL CATHODIC PROTECTION INC.,4,4,9704960.05,0.0,0.00163,0.75014,0.0
ENNIS PAINT CANADA ULC,4,4,9698330.48,2498330.48,0.00162,0.75176,0.2576
PENINSULA CONSTRUCTION INC,4,4,9409984.6,0.0,0.00158,0.75334,0.0
TELUS,3,3,9396730.0,9142600.0,0.00157,0.75491,0.973
BELL CANADA,29,36,9278222.61,4226659.79,0.00155,0.75646,0.4555
"COMFORT KEEPERS,ALTERNACARE INC,GEM HEALTH CARE,PARAMED HOME HEALTH,SECOND FAMILY CARE,VHA HOME HEALTHCARE",1,1,9208333.0,0.0,0.00154,0.758,0.0
DELOITTE INC,6,9,9000075.46,64000.0,0.00151,0.75951,0.0071
"HERTZ/ SURGENOR NATIONAL LEASING,UNITED RENTALS OF CANADA",1,1,9000000.0,0.0,0.00151,0.76102,0.0
R V ANDERSON ASSOCIATES LTD,23,38,8979040.74,0.0,0.0015,0.76252,0.0
MSA SAFETY SALES LLC,2,4,8876191.24,8381191.24,0.00149,0.76401,0.9442
OTTAWA FASTENER SUPPLY LTD,3,5,8810107.21,0.0,0.00148,0.76549,0.0
ALLIANCE ENGINEERING & CONSTRUCTION,3,6,8772932.62,0.0,0.00147,0.76696,0.0
"TRAFFIPAX, LLC",2,2,8718272.12,0.0,0.00146,0.76842,0.0
MNP LLP,41,49,8677675.7,0.0,0.00145,0.76987,0.0
TOROMONT INDUSTRIES,15,19,8617522.4,2829718.69,0.00144,0.77131,0.3284
ATLAS DEWATERING CORPORATION,6,6,8503646.11,174729.8,0.00142,0.77273,0.0205
ANF CONSTRUCTION,22,31,8328977.15,0.0,0.0014,0.77413,0.0
ORIN CONTRACTORS CORP,1,1,8327000.0,0.0,0.00139,0.77552,0.0
"PRESTON HARDWARE LIMITED,OTTAWA FASTENER SUPPLY LTD",1,1,8240173.67,0.0,0.00138,0.7769,0.0
CLEAN WATER WORKS INC,11,14,8230916.02,0.0,0.00138,0.77828,0.0
W H MACSWEYN INC,10,10,8226673.9,43296.0,0.00138,0.77966,0.0053
EXEL CONTRACTING INC,31,32,8113248.29,0.0,0.00136,0.78102,0.0
BRADFORD CONSTRUCTION LIMITED,4,8,8096642.3,0.0,0.00136,0.78238,0.0
GIP CONSTRUCTION ONTARIO EAST LTD,1,1,8022163.6,0.0,0.00134,0.78372,0.0
"PETERSEN CUSTOM FARMING (2342152 ONTARIO INC),PALAH LOGISTICS(5010608 ONTARIO INC),MALWOOD (9135545 CANADA INC),(CRETE RYAN CONSTRUCTION) 927882 ONT INC,(O/A EARTHMOVERS)14023358 CANADA CORP,AURELE LACROIX EQUIPMENT RENTALS LTD,B G GORHAM CONSTRUCTION INC,BRUCE HODGINS EXCAVATION (1550697 ONTARIO INC),CHARLES MCLELLAN,CHRIS DONALDSON,D&L CONTRACTING AND EQUPMENT LTD,DAN COADY EXCAVATING INC,DAN O'GRADY EQUIPMENT,DAVE WRIGHT EXCAVATING LTD,DRAINAGE DICAIRE INC,GEORGE W. DRUMMOND LTD.,GERRY CREPIN CARTAGE LIMITED,GLENN WRIGHT EXCAVATING,GOLDIE MOHR LTD,GREELY SAND & GRAVEL,J. WILSON PAVING,JASON'S LANDSCAPING & SNOWPLOWING INC,LAPOINTE DRAINAGE LTD,LOCATION DE GRUE GAETAN ROY LTEE,M. DAVIS LANDSCAPE & DESIGN INC,MAURICE YELLE EXCAVATION LTD,MCWILLIAMS CONSTRUCTION LIMITED,MIKE MORRIS EQUIPMENT RENTALS INC,MILLLERS TRUCKING AND EXCAVATION LTD,OSGOODE SAND AND GRAVEL LTD,OTTAWA CRANE RENTAL O/A BARRIE CRANE RENTAL LTD.,130247 CANADA INC (INTER CITY PAVING),RABB CONSTRUCTION LTD,REGIONAL CRANE RENTALS LTD,ROBERTO LAPPA EXCAVATION LTD,ROBERTSON RENT-ALL,S.W. FARRELL & SONS (1979) LTD,SHADE GROUP INC,TLC EXTERIORS (10504408 CANADA INC),TMK TREE AND HEDGE INC,UNITED RENTALS OF CANADA INC,VANS INDUSTRIAL SERVICES",1,1,8000000.0,0.0,0.00134,0.78506,0.0
"RW TOMLINSON LTD,GEO W DRUMMOND LTD,GERRY CREPIN CARTAGE LTD,GOLDIE MOHR LTD",1,1,7993464.82,0.0,0.00134,0.7864,0.0
ACCEO SOLUTIONS,1,1,7967981.1,0.0,0.00133,0.78773,0.0
LAURENT LEBLANC LIMITED,17,17,7962193.56,0.0,0.00133,0.78906,0.0
"GREEN WORKS CONTRACTING INC,KURTIS ARMSTRONG CONTRACTING INC,PRODIGY PROPERTY MAINTENANCE INC,THOMAS CAVANAGH CONSTRUCTION LTD",1,1,7955675.68,0.0,0.00133,0.79039,0.0
BIBBY STE CROIX,1,1,7922205.8,0.0,0.00133,0.79172,0.0
BRANDT TRACTOR LTD,7,11,7886860.7,5090193.2,0.00132,0.79304,0.6454
P MUNRO GROUP INC.,19,20,7782491.64,0.0,0.0013,0.79434,0.0
JACOBS CONSULTANCY CANADA INC,18,22,7616010.83,85200.0,0.00128,0.79562,0.0112
STRYKER CANADA ULC,6,8,7519049.74,4905616.4,0.00126,0.79688,0.6524
NORTHERN BUSINESS INTELLIGENCE (3043176 NOVA SCOTIA LTD),1,1,7400000.0,0.0,0.00124,0.79812,0.0
MYTICAS CONSULTING LTD,9,12,7150505.18,0.0,0.0012,0.79932,0.0
BURNS LANDSCAPE MAINTENANCE,7,8,6990456.73,0.0,0.00117,0.80049,0.0
PCL CONSTRUCTORS CANADA INC,1,1,6908315.99,0.0,0.00116,0.80165,0.0
360 ADVANCED SERCURITY CORPORATION,1,1,6900000.0,0.0,0.00116,0.80281,0.0
NEPTUNE TECHNOLOGY GROUP CANADA LTD,5,6,6863709.9,310741.4,0.00115,0.80396,0.0453
STRONGCO EQUIPMENT,3,4,6760175.51,0.0,0.00113,0.80509,0.0
CLEARWATER STRUCTURES INC,5,6,6724889.32,507224.0,0.00113,0.80622,0.0754
"RON'S CARTAGE,TREE COMPASS INC",2,2,6719747.0,0.0,0.00113,0.80735,0.0
"CORE CIVIL CONSTRUCTION INC,DOULOS CONSTRUCTION LTD,E. GEO. BROWN EXCAVATING(1992)LTD.,KCE CONSTRUCTION LTD,LAURENT LEBLANC LIMITED,MAURICE YELLE EXCAVATION LTD,MOLLOY CONTRACTING,RW TOMLINSON LTD,S W FARRELL AND SONS 1979 LTD",1,1,6600000.0,0.0,0.00111,0.80846,0.0
FORTRAN TRAFFIC SYSTEMS LTD,7,9,6579889.59,2660158.42,0.0011,0.80956,0.4043
TJL CONSTRUCTION LTD,12,13,6547368.02,0.0,0.0011,0.81066,0.0
PLAZA ALLIANCE GLOBALE (PAG) INC,1,1,6273016.91,0.0,0.00105,0.81171,0.0
"ASL AGRODRAIN LIMITED,KURTIS ARMSTRONG CONTRACTING INC,RW TOMLINSON LTD,REMI PERRON",1,2,6261061.51,0.0,0.00105,0.81276,0.0
PSL MECHANICAL HEATING,11,12,6247489.36,0.0,0.00105,0.81381,0.0
"LABOR TEK PERSONNEL,HANDYMAN PERSONNEL,THE LABOUR GROUP (1799795 ONTARIO LTD)",2,2,6205123.82,0.0,0.00104,0.81485,0.0
PRODIGY PROPERTY MAINTENANCE INC,4,7,6165080.59,0.0,0.00103,0.81588,0.0
NORRIS CONSTRUCTION MANAGEMENT INC,2,3,6071752.34,0.0,0.00102,0.8169,0.0
IPL NORTH AMERICA INC,2,2,6071486.3,0.0,0.00102,0.81792,0.0
LIEBHERR CANADA LTD,4,4,6042121.8,0.0,0.00101,0.81893,0.0
GEMMA PROPERTY SERVICES INC,2,3,6034023.53,6034023.53,0.00101,0.81994,1.0
"CAPITAL TRANSIT PHASE 2, A JOINT",1,1,6000000.0,6000000.0,0.00101,0.82095,1.0
BLAIR ASPHALT PRODUCTS LIMITED,1,1,5984827.01,0.0,0.001,0.82195,0.0
CIMA CANADA INC,45,53,5933709.53,0.0,0.00099,0.82294,0.0
"GREEN INFRASTRUCTURE PARTNERS INC,RW TOMLINSON LTD",1,1,5854246.0,0.0,0.00098,0.82392,0.0
MORRISON HERSHFIELD,43,44,5850079.81,0.0,0.00098,0.8249,0.0
POWERLAND COMPUTERS LTD.,3,3,5772294.79,5087652.8,0.00097,0.82587,0.8814
HOSIE AND BROWN AUTO ELECTRIC LTD,4,4,5726957.8,0.0,0.00096,0.82683,0.0
BRAWN CONSTRUCTION LTD,6,6,5726410.78,0.0,0.00096,0.82779,0.0
CH2M HILL CANADA LIMITED,20,24,5674696.01,733177.5,0.00095,0.82874,0.1292
JWK UTILITIES AND SITE SERVICES LTD,11,15,5649733.77,0.0,0.00095,0.82969,0.0
STARFIELD LION COMPANY,2,2,5511059.92,0.0,0.00092,0.83061,0.0
"B G GORHAM CONSTRUCTION,CITY PAVING & INTERLOCK INC,CONCORDIA PAVING (2013) LTD,MAVEN PM,P MUNRO GROUP INC.",1,1,5497755.0,0.0,0.00092,0.83153,0.0
DILLON CONSULTING LIMITED,55,59,5477813.34,0.0,0.00092,0.83245,0.0
WASTE CONNECTIONS OF CANADA INC,3,7,5438182.56,0.0,0.00091,0.83336,0.0
AECOM CANADA LTD,22,24,5425890.87,0.0,0.00091,0.83427,0.0
DIAMOND SCHMITT ARCH KWC ARCH,1,5,5376204.95,0.0,0.0009,0.83517,0.0
DA LEE DUST CONTROL,3,5,5359505.11,0.0,0.0009,0.83607,0.0
MIKE MORRIS EQUIPMENT RENTALS INC,5,7,5287866.34,0.0,0.00089,0.83696,0.0
AMT ADVANCED MUNICIPAL,1,1,5217577.2,0.0,0.00087,0.83783,0.0
"ONTARIO MEDICAL SUPPLY INC.,SILVER SCRIPTS INC",1,1,5209943.28,0.0,0.00087,0.8387,0.0
RAPID CLEANERS (4095839 CANADA INC),8,9,5203302.98,807229.51,0.00087,0.83957,0.1551
K & S WINDSOR SALT LTD,2,5,5133222.14,5133222.14,0.00086,0.84043,1.0
NATSCO,4,4,5038770.71,0.0,0.00084,0.84127,0.0
PURE TECHNOLOGIES LTD,24,26,4966008.36,4966008.36,0.00083,0.8421,1.0
"AQUATECH DEWATERING COMPANY INC,ATLAS DEWATERING CORPORATION",1,1,4795572.01,0.0,0.0008,0.8429,0.0
SANI-GEAR FIRE,2,3,4787658.47,0.0,0.0008,0.8437,0.0
"WHELAN TRUCK REPAIR INC,BENSON TIRE,FRANCIS CANADA TRUCK CENTRE INC",2,2,4631991.49,0.0,0.00078,0.84448,0.0
DELOITTE LLP,15,19,4563102.85,780612.1,0.00076,0.84524,0.1711
BEREKET CLEANING AND,3,3,4561112.87,0.0,0.00076,0.846,0.0
COLLIERS PROJECT LEADERS INC.,16,18,4547551.66,0.0,0.00076,0.84676,0.0
OTTAWA REDLINE CONSTRUCTION LTD,5,6,4536442.85,0.0,0.00076,0.84752,0.0
NEPTUNE TECHNOLOGY GROUP,2,2,4515907.98,26316.66,0.00076,0.84828,0.0058
"TJ CLARKE UTILITIES,JWK UTILITIES AND SITE SERVICES LTD",1,1,4500000.0,0.0,0.00075,0.84903,0.0
TREE COMPASS INC,2,3,4443768.92,0.0,0.00074,0.84977,0.0
DEMERS AMBULANCE MANUFACTURER INC,4,4,4403074.76,4403074.76,0.00074,0.85051,1.0
NATIONAL MAINTENANCE LTD,10,12,4367383.33,57575.44,0.00073,0.85124,0.0132
TRUDEL HOME HARDWARE,1,1,4324063.61,0.0,0.00072,0.85196,0.0
"WRIGHT TREE SERVICE (2672615 ONTARIO INC),QUINN LANDSCAPING,TMK TREE AND HEDGES INC,ASPLUNDH CANADA INC",1,1,4320272.82,0.0,0.00072,0.85268,0.0
CLEVER DEVICES ULC CANADA,6,10,4304064.49,2933871.69,0.00072,0.8534,0.6817
MACEWEN PETROLEUM INC,3,5,4259543.42,0.0,0.00071,0.85411,0.0
PREHOS INC,1,2,4173108.19,0.0,0.0007,0.85481,0.0
DOMINION VOTING SYSTEM CORP,2,2,4152309.27,0.0,0.0007,0.85551,0.0
TURF CARE PRODUCTS CANADA INC,2,4,4107437.35,0.0,0.00069,0.8562,0.0
NETAGEN COMMUNICATION TECHNOLOGIES,4,4,4053693.43,41549.03,0.00068,0.85688,0.0102
GFL ENVIRONMENTAL SERVICES INC.,3,3,4047214.87,4047214.87,0.00068,0.85756,1.0
GIRO INC,5,9,4015615.5,2637662.5,0.00067,0.85823,0.6569
J C SULPHER CONSTRUCTION LTD,1,2,4005529.74,0.0,0.00067,0.8589,0.0
GARTNER CANADA CO,4,5,3913974.89,3913974.89,0.00066,0.85956,1.0
"ZONE TECH AIR CONDITIONING,PROTHERM MECHANICAL CONTRACTING INC,ASSOCIATE AIR MECHANICAL SYSTEMS,CORAL CANADA WIDE LTD",1,1,3896729.87,0.0,0.00065,0.86021,0.0
ROYAL CROWN CONSTRUCTION (2339366 ONTARIO INC.),5,6,3856138.47,0.0,0.00065,0.86086,0.0
AQUA DRAIN SEWER SERVICES INC,4,4,3851800.0,0.0,0.00065,0.86151,0.0
CIMCO REFRIGERATION,6,9,3841727.58,33565.0,0.00064,0.86215,0.0087
PARTS FOR TRUCKS INC,3,3,3788831.69,0.0,0.00063,0.86278,0.0
ESRI CANADA LIMITED,2,2,3758439.45,3758439.45,0.00063,0.86341,1.0
STRATHMAR TRENCHING LTD,8,8,3684482.89,0.0,0.00062,0.86403,0.0
KPMG LLP,8,9,3674190.7,342500.0,0.00062,0.86465,0.0932
"SYSTEM INNOVATORS, a div. of N. HARRIS COMPUTER CORP",1,1,3669762.5,0.0,0.00061,0.86526,0.0
ORACLE CANADA ULC,3,4,3631951.31,3631951.31,0.00061,0.86587,1.0
BRADLEY'S LANDSCAPING INC,5,6,3618540.15,1686406.5,0.00061,0.86648,0.466
RIDEAU RECOGNITION SOLUTIONS INC.,1,1,3600000.0,0.0,0.0006,0.86708,0.0
SURGENOR CHEVROLET BUICK GMC & CADILLAC OTTAWA,33,34,3578944.55,315582.0,0.0006,0.86768,0.0882
OTTAWA POOL WORKS,2,2,3573901.43,0.0,0.0006,0.86828,0.0
COUVREUR ROLLAND BOUDREAULT,6,7,3563172.45,0.0,0.0006,0.86888,0.0
BRENNTAG CANADA INC,3,4,3553590.14,0.0,0.0006,0.86948,0.0
MCINTOSH PERRY CONSULTING,27,27,3522873.71,0.0,0.00059,0.87007,0.0
J W BASTIAN CONTRACTING INC,3,3,3452540.02,60862.5,0.00058,0.87065,0.0176
KIK HOLDCO COMPANY INC,3,5,3449590.99,0.0,0.00058,0.87123,0.0
CONCENTRIC ASSOCIATES,40,45,3449204.57,0.0,0.00058,0.87181,0.0
HLS LINEN SERVICES,2,4,3447036.38,0.0,0.00058,0.87239,0.0
FERROVIAL SERVICES CANADA LTD,1,1,3431588.86,0.0,0.00057,0.87296,0.0
"A?1 CREDIT RECOVERY & COLLECTION,MJR CAPITAL SERVICES INC.,FINANCIAL DEBT RECOVERY LTD",1,1,3423921.31,0.0,0.00057,0.87353,0.0
COMPUTERTALK TECHNOLOGY INC,2,5,3401979.31,0.0,0.00057,0.8741,0.0
GIP CONSTRUCTION ENGINEERING CORP,3,3,3362009.65,0.0,0.00056,0.87466,0.0
INSA CORP,3,4,3327556.73,252321.98,0.00056,0.87522,0.0758
"IN DEPTH CONTRACTING,A & B PAVING CORP,STRADA CONSTRUCTION GROUP INC.",1,1,3300000.0,0.0,0.00055,0.87577,0.0
BLACK AND MCDONALD LTD,5,6,3280492.2,0.0,0.00055,0.87632,0.0
WILLOWGLEN SYSTEMS INC.,3,6,3247068.0,3247068.0,0.00054,0.87686,1.0
"DAY-VIEW ELECTRIC INC,LAMARCHE ELECTRIC INC.,POWER TEK ELECTRICAL SERVICES INC",1,1,3217260.0,0.0,0.00054,0.8774,0.0
MINDWIRE SYSTEMS LTD,6,7,3188251.3,1231365.0,0.00053,0.87793,0.3862
SURGENOR TRUCK CENTRE,4,4,3178442.78,62398.15,0.00053,0.87846,0.0196
"DUTCHMASTER NURSERIES LTD,HORTICO INC",1,1,3172177.0,0.0,0.00053,0.87899,0.0
ZAGROS PROPERTY MANAGEMENT INC,2,2,3151690.77,0.0,0.00053,0.87952,0.0
ARGUE CONSTRUCTION LTD,1,1,3146743.0,0.0,0.00053,0.88005,0.0
BUROVISION OTTAWA INC,15,15,3142897.64,2759590.7,0.00053,0.88058,0.878
CITY VIEW SPECIALTY VEHICLES INC.,2,2,3124798.64,0.0,0.00052,0.8811,0.0
"GUILLEVIN INTERNATIONAL,LUMEN,WESCO DISTRIBUTION CANADA INC,NEDCO",1,1,3102849.21,0.0,0.00052,0.88162,0.0
JEMCOR ELEVATING INC,6,6,3020566.25,0.0,0.00051,0.88213,0.0
SULCO CHEMICALS LIMITED,3,3,3013197.22,0.0,0.0005,0.88263,0.0
"ACTION CAR & TRUCK ACCESSORIES INC,TWIN EQUIPMENT LIMITED,GIN COR INDUSTRIES INC,DRIVE PRODUCTS INC",1,1,3000000.0,0.0,0.0005,0.88313,0.0
K&S KELLY TIRE SERVICE INC,1,1,3000000.0,0.0,0.0005,0.88363,0.0
"HUGHSON FENCING AND GUIDERAIL (535276 ONTARIO INC),TAMAX (1995653 ONTARIO INC),JARA SERVICES(1786137 ONTARIO INC),CTM SWEEPING CO,K. JOLY CONTRACTING,P MUNRO GROUP INC.,TRUELOCK INTERLOCK,LALONDE EQUIPMENT RENTAL(12872358 CANADA INC),GUTTERS TO GLORY SWEEPING CORP",1,1,3000000.0,0.0,0.0005,0.88413,0.0
WAJAX POWER SYSTEMS,3,3,2956218.54,2925218.54,0.0005,0.88463,0.9895
COMMUNITY NAVIGATION OF EASTERN ONT,1,2,2949442.97,2949442.97,0.00049,0.88512,1.0
J P GRAVEL CONSTRUCTION INC,3,5,2940063.01,0.0,0.00049,0.88561,0.0
GREEN WORKS CONTRACTING INC,8,18,2917623.93,91021.0,0.00049,0.8861,0.0312
JUMEC CONSTRUCTION INC,1,2,2903877.0,0.0,0.00049,0.88659,0.0
ADVANCED BUSINESS INTERIORS LTD,11,11,2887191.28,2611014.75,0.00048,0.88707,0.9043
"CLEAN WATER WORKS INC,TOMLINSON ENVIRONMENTAL SERVICE LTD",1,1,2879289.92,0.0,0.00048,0.88755,0.0
JOHNSON CONTROLS LTD,9,10,2873230.9,2298711.9,0.00048,0.88803,0.8
ASSETWORKS INC,2,6,2866393.71,2866393.71,0.00048,0.88851,1.0
RSOLUTIONS CORP.,1,1,2864759.94,2864759.94,0.00048,0.88899,1.0
MEDLINE CANADA CORP,3,4,2826223.09,0.0,0.00047,0.88946,0.0
EASTERN WELDING,7,7,2824956.42,0.0,0.00047,0.88993,0.0
"REALTAX INC, TRICKEY ET AL TAX TEAM INC.",1,1,2820000.0,0.0,0.00047,0.8904,0.0
UNIVAR CANADA LTD,5,5,2787591.27,0.0,0.00047,0.89087,0.0
WAJAX POWER SYSTEM,4,4,2784652.89,0.0,0.00047,0.89134,0.0
GAL POWER SYSTEMS OTTAWA LTD,3,5,2783893.92,0.0,0.00047,0.89181,0.0
THOMAS FULLER CONSTRUCTION CO LTD,2,2,2769631.0,0.0,0.00046,0.89227,0.0
CITY OF TORONTO,4,6,2764359.94,2764359.94,0.00046,0.89273,1.0
RAYMOND GENERAL CONTRACTING,2,2,2755170.0,0.0,0.00046,0.89319,0.0
"CRETE RYAN CONSTRUCTION,JWK UTILITIES AND SITE SERVICES LTD,KURTIS ARMSTRONG CONTRACTING INC,MAURICE YELLE EXCAVATION LTD,OTTAWA REDLINE CONSTRUCTION LTD, SWABY TRUCKING(2685441 ONTARIO INC),ULTIMATE PAVEMENT WORKS,PML CONTRACTING INC",1,1,2737737.8,0.0,0.00046,0.89365,0.0
"ALLAN MCCOY CONTRACTING INC,P MUNRO GROUP INC.,JARA SERVICES (1786137 ONTARIO INC)",2,2,2721442.42,0.0,0.00046,0.89411,0.0
DIAMOND AND SCHMITT ARCHITECTS,1,1,2718288.1,0.0,0.00046,0.89457,0.0
RENOKREW (1568796 ONTARIO INC),1,1,2711312.38,0.0,0.00045,0.89502,0.0
"PRECISION DIESEL,SURGENOR TRUCK CENTRE,FRIGID RENTALS INC,WHELAN TRUCK REPAIR INC,FRANCIS CANADA TRUCK CENTRE INC,RUSH TRUCK CENTRE OF CANADA LIMITED,BENSON TIRE",1,1,2700000.0,0.0,0.00045,0.89547,0.0
A1 CARP PAVEMENT MARKING LTD.,3,3,2675805.96,0.0,0.00045,0.89592,0.0
"BURNS LANDSCAPE MAINTENANCE,GREEN WORKS CONTRACTING INC",2,2,2660418.37,0.0,0.00045,0.89637,0.0
TERAFLEX LIMITED,1,1,2650556.0,0.0,0.00044,0.89681,0.0
3V MECHANICAL,7,7,2605210.11,280572.22,0.00044,0.89725,0.1077
NOVOTECH TECHNOLOGIES CORP,1,2,2524540.9,0.0,0.00042,0.89767,0.0
THE GEAR CENTRE,1,1,2511000.0,0.0,0.00042,0.89809,0.0
GESTION DMJ ENTREPRENEUR GENERAL (6739741 CANADA INC.),2,2,2502503.0,0.0,0.00042,0.89851,0.0
"BORDEN LADNER GERVAIS LLP,CAZA SAIKALEY SRL/LLP,EMOND HARNDEN LLP,GOWLING WLG (CANADA) LLP,HICKS MORLEY HAMILTON STEWART STORI,LOW MURCHISON RADNOFF LLP.,NORTON ROSE FULBRIGHT CANADA LLP",1,1,2500000.0,0.0,0.00042,0.89893,0.0
ADVANCED UTILITY SYSTEMS,2,3,2488090.73,0.0,0.00042,0.89935,0.0
GFL ENVIRONMENTAL INC.,1,1,2478880.74,0.0,0.00042,0.89977,0.0
SHELTEC MANUFACTURING INC.,2,3,2464959.15,0.0,0.00041,0.90018,0.0
"EXP SERVICES INC,PATERSON GROUP INC",1,1,2448780.0,0.0,0.00041,0.90059,0.0
"COOPER HILL LANDSCAPING INC,DANWILL CONTRACTING,GC CONSTRUCTION,GREEN WORKS CONTRACTING INC,J W BASTIAN CONTRACTING INC,JAKE'S LAWN CARE,P MUNRO GROUP INC.,SQM JANITORIAL SERVICES INC",1,1,2431597.61,0.0,0.00041,0.901,0.0
TRAPEZE SOFTWARE ULC,2,7,2392058.76,2392058.76,0.0004,0.9014,1.0
ACCENTURE INC,3,3,2378527.5,49427.5,0.0004,0.9018,0.0208
PARACEL LABORATORIES LTD,2,2,2374758.7,0.0,0.0004,0.9022,0.0
ROYAL CROWN CONSTRUCTION (2339366 ONTARIO INC. O/A),2,2,2341667.6,0.0,0.00039,0.90259,0.0
ROADLAST ASPHALT,3,3,2314876.95,0.0,0.00039,0.90298,0.0
MARQUISE HOSPITALITY,2,2,2310509.0,0.0,0.00039,0.90337,0.0
INTERPROVINCIAL CORROSION CONTROL,1,1,2306280.0,0.0,0.00039,0.90376,0.0
KARCHER MUNICIPAL NORTH AMERICA INC,1,6,2305368.17,0.0,0.00039,0.90415,0.0
QUINN LANDSCAPING,2,2,2272353.24,0.0,0.00038,0.90453,0.0
"WARNOCK EQUIPMENT SERVICES LTD,T G CARROLL CARTAGE LTD,ROBERT GOURLAY CARTAGE,MIKE MORRIS EQUIPMENT RENTALS INC,MCWILLIAMS CONSTRUCTION LIMITED,JOSH LASALLE CONSTRUCTION,GOLDIE MOHR LTD,GERRY CREPIN CARTAGE LTD,D&L CONTRACTING AND EQUIPMENT,CARP RD CONTRACTING, NJI MASONRY & HEAVY EQUIPMENT (2720583 ONTARIO INC), BRIAN C MILLER EQUIPMENT RENTALS (1763076 CANADA INC), TER MOR ENTERPRISES (1470581 ONTARIO INC), J W BASTIAN CONTRACTING INC,AURELE LACROIX EQUIPMENT RENTALS LT",1,1,2270339.0,0.0,0.00038,0.90491,0.0
TJ CLARKE UTILITIES,18,19,2256878.84,0.0,0.00038,0.90529,0.0
JP2G CONSULTANTS,8,10,2249635.52,0.0,0.00038,0.90567,0.0
EXP SERVICES INC,30,31,2246886.27,40800.0,0.00038,0.90605,0.0182
LES PARISIEN CONSTRUCTION LTD,6,7,2239016.13,25956.0,0.00038,0.90643,0.0116
"WHELAN TRUCK REPAIR INC,CITY VIEW BUS SALES & SERVICE LTD.,RUSH TRUCK CENTRE OF CANADA LIMITED,BENSON TIRE,FRANCIS CANADA TRUCK CENTRE INC",1,3,2224559.68,0.0,0.00037,0.9068,0.0
SIMLUC CONTRACTORS LTD,6,7,2224551.59,0.0,0.00037,0.90717,0.0
VIP INSPECTION AND OPERATION,2,2,2186348.55,0.0,0.00037,0.90754,0.0
STRADA CONSTRUCTION GROUP INC.,9,10,2164358.53,0.0,0.00036,0.9079,0.0
"TREE COMPASS INC,VS LANDSCAPE GROUP,QUINN LANDSCAPING,JAKE'S LAWN CARE,O/A FISHER TREE SERVICES",1,1,2157210.0,0.0,0.00036,0.90826,0.0
MICROSOFT CANADA INC,1,2,2154615.37,2154615.37,0.00036,0.90862,1.0
BRINKS CANADA LTD,3,6,2149825.25,0.0,0.00036,0.90898,0.0
ROGERS BUSINESS SOLUTIONS,4,7,2136391.39,2136391.39,0.00036,0.90934,1.0
JACOBS ASSOCIATES CANADA,1,1,2120955.1,0.0,0.00036,0.9097,0.0
EVOQUA WATER TECHNOLOGIES LTD,2,3,2113931.0,92281.0,0.00035,0.91005,0.0437
"SOBANA WELDING,NUTTALL WELDING AND FABRICATION",1,1,2100000.0,0.0,0.00035,0.9104,0.0
"CAMPBELL FORD SALES LTD,CAPITAL DODGE CHRYSLER LTD,DONNELLY FLEET AND,OGILVIE MOTORS LTD,RUSH TRUCK CENTRE OF CANADA LIMITED,SOUTHBANK DODGE CHRYSLER LTD,STAR MOTORS OF OTTAWA,SURGENOR HYUNDAI,SURGENOR BARRHAVEN,SURGENOR CHEVROLET BUICK GMC & CADILLAC OTTAWA",1,1,2100000.0,0.0,0.00035,0.91075,0.0
BUILDING AND MAINTENANCE INC,5,6,2090456.56,0.0,0.00035,0.9111,0.0
FANFIT GAMING INC,2,4,2086040.47,0.0,0.00035,0.91145,0.0
"HART LAUNDRY SERVICES INC,HLS LINEN SERVICES",1,2,2083791.2,0.0,0.00035,0.9118,0.0
"AQUA DRAIN SEWER SERVICES INC,CLEAN WATER WORKS INC,HYDROCAM,NORRIS CONSTRUCTION MANAGEMENT INC",1,1,2078640.0,0.0,0.00035,0.91215,0.0
PRESTIGE DESIGN AND,6,7,2063409.03,0.0,0.00035,0.9125,0.0
ALSTOM TRANSPORT CANADA INC,2,2,2061056.0,2061056.0,0.00035,0.91285,1.0
N45 ARCHITECTURE INC,17,19,2044393.59,0.0,0.00034,0.91319,0.0
MOPRI CONSTRUCTION INC,6,7,2042376.4,0.0,0.00034,0.91353,0.0
CINTAS CANADA LTD #G77,3,3,2037977.47,0.0,0.00034,0.91387,0.0
"DANWILL CONTRACTING,BURNS LANDSCAPE MAINTENANCE",1,1,2022643.0,0.0,0.00034,0.91421,0.0
"QUINN LANDSCAPING,TIMBER RIDGE CONTRACTING LTD, JB FOREST PRODUCTS LTD",1,1,2015292.06,0.0,0.00034,0.91455,0.0
SIGNS CA (1230372 ONTARIO INC),3,3,1996842.0,1969056.0,0.00033,0.91488,0.9861
GDG CANADA INC,2,2,1963013.1,0.0,0.00033,0.91521,0.0
KONE INC,1,5,1938868.43,0.0,0.00032,0.91553,0.0
WEBBER INFRA MANAGEMENT,1,1,1933027.45,0.0,0.00032,0.91585,0.0
TOTAL POWER LIMITED,2,2,1929400.0,1554400.0,0.00032,0.91617,0.8056
GIP CONSTRUCTION ONTARIO EAST LTD (,2,2,1926910.0,0.0,0.00032,0.91649,0.0
EMA CANADA INC,2,2,1911764.35,0.0,0.00032,0.91681,0.0
BATTERIES DIXON INC,2,2,1905414.79,0.0,0.00032,0.91713,0.0
"O/A HUGHSON FENCING AND GUIDERAIL (535276 ONTARIO INC), TAMAX (1995653 ONTARIO INC), JARA SERVICES (1786137 ONTARIO INC),CTM SWEEPING CO,BERNWOOD & K.JOLY CONTRACTING INC.,P MUNRO GROUP INC.,TRUELOCK INTERLOCK,LALONDE EQUIPMENT RENTAL (12872358 CANADA INC),GUTTERS TO GLORY SWEEPING CORP",1,1,1880535.02,0.0,0.00031,0.91744,0.0
GEMTEC CONSULTING ENGINEERS,20,21,1875643.22,0.0,0.00031,0.91775,0.0
ZENITH SOLUTIONS INC,2,2,1873579.59,0.0,0.00031,0.91806,0.0
"QUINN LANDSCAPING,TIMBER RIDGE CONTRACTING LTD,J B FOREST PRODUCTS LTD,TOMLINSON ENVIRONMENTAL SERVICE LTD",2,2,1863287.34,0.0,0.00031,0.91837,0.0
SPECTRALITE,1,1,1851413.17,0.0,0.00031,0.91868,0.0
REL CONTROLS INC,6,7,1832618.8,519504.0,0.00031,0.91899,0.2835
"M&L SUPPLY, FIRE & SAFETY (3635112 CANADA INC)",2,2,1830506.76,189000.0,0.00031,0.9193,0.1033
BRENNING CONSTRUCTION LTD,4,5,1825323.77,0.0,0.00031,0.91961,0.0
"CONTINENTAL CARBON GROUP INC,BENSON GROUP INC,CAMFIL CANADA INC",1,1,1825260.0,0.0,0.00031,0.91992,0.0
KARSCO DISTRIBUTION INC,1,1,1820420.0,0.0,0.0003,0.92022,0.0
EXER?TECH INC.,2,2,1809000.25,0.0,0.0003,0.92052,0.0
"AUTOTOUCH SOLUTIONS LTD, ASTRA MOTORS INC, SAL AUTO TRUCK CENTRE LTD, CAMPBELL FORD SALES LTD, DONNELLY COLLISION CENTRE",1,1,1800000.0,0.0,0.0003,0.92082,0.0
"CIELO PRINT INC,GILMORE REPRODUCTIONS,LOWE MARTIN COMPANY INC,MOORE CANADA CORP,NEWPRINT,OPTIMA IMAGING,SINIX PRINTING CANADA,THE PRINTING HOUSE LTD,TRICO PACKAGING & PRINT SOLUTIONS INC",1,1,1800000.0,0.0,0.0003,0.92112,0.0
"JOHNSONS ENVIROPROD INC,GREEN WORKS CONTRACTING INC,DW BUILDING RESTORATION SERVICES IN",1,1,1800000.0,0.0,0.0003,0.92142,0.0
CUMMINS CANADA ULC,7,7,1777672.13,74116.94,0.0003,0.92172,0.0417
TERANET ENTERPRISES INC,2,3,1766876.84,1766876.84,0.0003,0.92202,1.0
ITRON CANADA INC,1,1,1755164.09,0.0,0.00029,0.92231,0.0
OMEGA LIQUID WASTE,1,1,1747500.0,0.0,0.00029,0.9226,0.0
CSL GROUP LTD,9,9,1741795.41,0.0,0.00029,0.92289,0.0
ADOBE SYSTEMS CANADA,1,1,1709377.11,0.0,0.00029,0.92318,0.0
XYLEM CANADA COMPANY,14,16,1708504.58,1618208.98,0.00029,0.92347,0.9471
CAPARELLI INC,2,2,1689110.5,0.0,0.00028,0.92375,0.0
GFL ENVIRONMENTAL INC,3,3,1669440.0,1456640.0,0.00028,0.92403,0.8725
SILOAM QUALITY CLEANING SERVICES,3,3,1667721.49,0.0,0.00028,0.92431,0.0
"O/A RICHMOND BMR (1239272 ONTARIO INC), OTTAWA INTERLOCK (7688342 CANADA INC.),HOME DEPOT",1,1,1656156.97,0.0,0.00028,0.92459,0.0
"ASPLUNDH CANADA INC,DAVEY TREE EXPERT CO OF CANADA LTD,WRIGHT TREE SERVICE",1,1,1650266.5,0.0,0.00028,0.92487,0.0
"FERROVIAL SERVICES CANADA LTD,BEACON LITE (OTTAWA) LTD",1,1,1650000.0,0.0,0.00028,0.92515,0.0
MTE PARALEGAL PROFESSIONAL CORPORAT,5,5,1638185.5,0.0,0.00027,0.92542,0.0
ARCADIS PROFESSIONAL SERVICES,14,16,1631451.41,0.0,0.00027,0.92569,0.0
FRECON CONSTRUCTION LTD,1,2,1622750.7,0.0,0.00027,0.92596,0.0
TRANSIT PROFESSIONALS ON DEMAND INC,1,2,1611370.84,0.0,0.00027,0.92623,0.0
"LABOR TEK PERSONNEL,HANDYMAN PERSONNEL,1799795 ONTARIO LTD",1,1,1603423.82,0.0,0.00027,0.9265,0.0
THUNDERBOLT CONTRACTING LTD,7,8,1585277.62,0.0,0.00027,0.92677,0.0
DURON SERVICES LTD,1,1,1583835.0,0.0,0.00027,0.92704,0.0
TLC EXTERIORS (10504408 CANADA INC),8,8,1583612.26,0.0,0.00027,0.92731,0.0
RENOVCO OTTAWA INC,1,2,1574500.0,0.0,0.00026,0.92757,0.0
ANGUS CONSULTING MANAGEMENT LIMITED,1,1,1573307.32,0.0,0.00026,0.92783,0.0
ENGO EQUIPMENT SALES INC,4,5,1571080.0,1571080.0,0.00026,0.92809,1.0
NATIONAL CAPITAL CONTRACTING INC,4,6,1561405.86,0.0,0.00026,0.92835,0.0
"ECOVERSE, LLC",2,2,1548677.85,1548677.85,0.00026,0.92861,1.0
PPG ARCHITECTURAL COATINGS,5,7,1545333.48,0.0,0.00026,0.92887,0.0
TECTRA GROUP INC,1,1,1543699.0,0.0,0.00026,0.92913,0.0
JIM KEAY,11,11,1538610.55,1101020.85,0.00026,0.92939,0.7156
TELUS COMMUNICATIONS COMPANY,15,15,1536013.55,0.0,0.00026,0.92965,0.0
"AMJ CAMPBELL VAN LINES,DBA OFFICE MOVEPRO OTTAWA,OTTAWA MOVING LOGISTICS,ROYAL MOVING & STORAGE OTTAWA INC,NATTIQ INC,C C ENTERPRISE",1,1,1530000.0,0.0,0.00026,0.92991,0.0
"THE DOOR COMPANY,PIVOTECH DOORS INC",1,1,1520795.0,0.0,0.00025,0.93016,0.0
ERNST & YOUNG LLP,8,12,1514166.88,839946.0,0.00025,0.93041,0.5547
"PENDULUM GROUP (14835620 CANADA INC),UNIVERSITY PAINTERS,PRISTINE MAINTENANCE + DESIGN,BRAMPTON PAINTING CO. LTD",1,1,1510575.0,0.0,0.00025,0.93066,0.0
PATERSON GROUP INC,13,13,1500370.32,0.0,0.00025,0.93091,0.0
"CAPITAL DODGE CHRYSLER LTD,CITY VIEW BUS SALES & SERVICE LTD.,DONNELLY FLEET AND,EASTWAY COLLISION,ED'S TRUCK SERVICE,JIM KEAY,K&S KELLY TIRE SERVICE INC,KENWORTH ONTARIO,MYERS CHEV OLDS CADILLAC INC.,NEW FLYER INDUSTRIES,RUSH TRUCK CENTRE OF CANADA LIMITED,SURGENOR CHEVROLET BUICK GMC & CADILLAC OTTAWA,SURGENOR TRUCK CENTRE",1,1,1500000.0,0.0,0.00025,0.93116,0.0
AON REED STENHOUSE INC,1,1,1500000.0,0.0,0.00025,0.93141,0.0
"TAMAX(1995653 ONTARIO INC),AL'S FENCING INC,B G GORHAM CONSTRUCTION,CTM SWEEPING CO,JAKE'S LAWN CARE,MAURICE DESCHAMBAULT,PML CONTRACTING INC,PRODIGY PROPERTY MAINTENANCE INC,WARNOCK EQUIPMENT SERVICES LTD",1,1,1494594.33,0.0,0.00025,0.93166,0.0
DARCH FIRE,3,4,1481885.07,1481885.07,0.00025,0.93191,1.0
RIDEAU VALLEY,4,4,1465493.0,1465493.0,0.00025,0.93216,1.0
ROBERTSON MARTIN ARCHITECTS,3,5,1464747.8,36611.45,0.00025,0.93241,0.025
GUTERMANN INC.,1,1,1456000.0,0.0,0.00024,0.93265,0.0
CARLETON ELECTRIC LTD,6,6,1452377.0,0.0,0.00024,0.93289,0.0
NEXGEN MUNICIPAL,2,2,1443498.24,460822.34,0.00024,0.93313,0.3192
DAVEY TREE EXPERT CO OF,1,1,1442835.91,0.0,0.00024,0.93337,0.0
AMAZING CONSTRUCTION LTD,4,4,1428553.6,0.0,0.00024,0.93361,0.0
ATWILL MORIN ONTARIO INC,3,4,1423895.49,0.0,0.00024,0.93385,0.0
CLEVER DEVICES LTD,1,1,1423592.8,1423592.8,0.00024,0.93409,1.0
"DANWILL CONTRACTING,P MUNRO GROUP INC.,ZAGROS PROPERTY MANAGEMENT INC",1,1,1413843.88,0.0,0.00024,0.93433,0.0
M DAVIS LANDSCAPE AND DESIGN INC,3,4,1410217.9,0.0,0.00024,0.93457,0.0
STATION AUTOMATION INC,1,2,1410202.8,1410202.8,0.00024,0.93481,1.0
"CONCORDIA PAVING (2013) LTD,B G GORHAM CONSTRUCTION,P MUNRO GROUP INC.,MAVEN PM",1,1,1407409.58,0.0,0.00024,0.93505,0.0
"CONCORDIA PAVING (2013) LTD,OTTAWA REDLINE CONSTRUCTION LTD,TERAFLEX LIMITED,LAURENT LEBLANC LIMITED",1,1,1389855.0,0.0,0.00023,0.93528,0.0
TRIANGLE PUMP SERVICE LTD,2,3,1389234.85,0.0,0.00023,0.93551,0.0
D&L CONTRACTING AND EQUIPMENT,1,2,1386531.16,0.0,0.00023,0.93574,0.0
AINSWORTH INC,7,7,1376851.18,1376851.18,0.00023,0.93597,1.0
O/A WRC CONTRACTING (11799746 CANADA INCORPORATED),1,1,1365458.95,0.0,0.00023,0.9362,0.0
ND MANAGEMENT,1,1,1358137.56,1358137.56,0.00023,0.93643,1.0
ANDREWS INFRASTRUCTURE,1,2,1351990.0,0.0,0.00023,0.93666,0.0
ENHANCED FACILITY SERVICES CLEANING INC (9753567 CANADA LIMITED),2,2,1351533.5,0.0,0.00023,0.93689,0.0
D PIERSON VIBRATION ANALYSIS INC (1203135 ONTARIO INC O/A),1,1,1344360.0,0.0,0.00023,0.93712,0.0
FEDERAL ENGINEERING INC,3,4,1338856.22,0.0,0.00022,0.93734,0.0
"GREEN WORKS CONTRACTING INC,P MUNRO GROUP INC.",3,3,1334839.75,0.0,0.00022,0.93756,0.0
"ALLAN MCCOY CONTRACTING INC,A & G THE ROAD CLEANERS LTD",1,1,1332950.0,0.0,0.00022,0.93778,0.0
TOMLINSON ENVIRONMENTAL SERVICES,2,2,1330868.24,0.0,0.00022,0.938,0.0
TRACTION OTTAWA,1,1,1327200.0,0.0,0.00022,0.93822,0.0
CLEAN WATER WORKS,1,1,1326000.0,0.0,0.00022,0.93844,0.0
"MOUNTAINVIEW TURF FARM LTD,RITCHIE FEED AND SEED LTD",1,1,1316961.5,0.0,0.00022,0.93866,0.0
"B G GORHAM CONSTRUCTION,P MUNRO GROUP INC.,CONCORDIA PAVING (2013) LTD,MAVEN PM",2,3,1305760.0,0.0,0.00022,0.93888,0.0
"BEVA GLOBAL, EXPERIENCE ADVISORS, RETIREMENT PLANNING INSTITUTE, STRATFORD GROUP",1,1,1305000.0,1305000.0,0.00022,0.9391,1.0
RICARDO CANADA INC.,3,7,1303550.0,172750.0,0.00022,0.93932,0.1325
VS LANDSCAPE GROUP,8,10,1295482.23,0.0,0.00022,0.93954,0.0
PARSONS INC.,1,1,1287547.6,0.0,0.00022,0.93976,0.0
SEGA ELECTRIC INC,4,4,1285902.3,0.0,0.00022,0.93998,0.0
MARVAL NORTH AMERICA,2,3,1269199.67,0.0,0.00021,0.94019,0.0
FSET INC,2,2,1267415.96,1267415.96,0.00021,0.9404,1.0
"NOBLE CORPORATION,EMCO CORPORATION",1,1,1266847.59,0.0,0.00021,0.94061,0.0
BAKER TRANSIT PARTS INC,5,5,1262225.12,0.0,0.00021,0.94082,0.0
F. TROTTIER CONSTRUCTION LTD.,2,2,1253537.0,0.0,0.00021,0.94103,0.0
ASL AGRODRAIN LIMITED,3,4,1233447.2,0.0,0.00021,0.94124,0.0
"GREEN WORKS CONTRACTING INC,CITY PAVING & INTERLOCK INC,VS LANDSCAPE GROUP",1,2,1223787.54,0.0,0.0002,0.94144,0.0
"CRETE RYAN CONSTRUCTION, TAMAX(1995653 ONTARIO INC),AL'S FENCING INC,B G GORHAM CONSTRUCTION,CTM SWEEPING CO,JAKE'S LAWN CARE,MAURICE DESCHAMBAULT,PML CONTRACTING INC,PRODIGY PROPERTY MAINTENANCE INC,WARNOCK EQUIPMENT SERVICES LTD",1,1,1221376.05,0.0,0.0002,0.94164,0.0
ART WOODS OFFICE SUPPLIES LTD,1,1,1218176.89,0.0,0.0002,0.94184,0.0
DOULOS CONSTRUCTION LTD,17,18,1217765.33,0.0,0.0002,0.94204,0.0
CULTURAL INTERPRETATION SERVICES,1,1,1216350.73,0.0,0.0002,0.94224,0.0
SUPPORT SOHO INC,4,6,1211310.0,0.0,0.0002,0.94244,0.0
FERNO CANADA,2,2,1201865.27,1201865.27,0.0002,0.94264,1.0
"OTTAWA FASTENER SUPPLY LTD,CANADIAN LINEN AND UNIFORM SERVICE",1,1,1201675.0,0.0,0.0002,0.94284,0.0
"LOUDMOUTH SECURITY, XANTHUS SECURITY, LANCESOFT, MAGNARI INC O/A MALLEUM, IPSS",1,1,1200000.0,0.0,0.0002,0.94304,0.0
"ACCENTURE INFRASTRUCTURE & CAPITAL PROJECT INC. ACCURATE DESIGN & COMMUNICATIONS INC., BOLD LIP CREATIVE STUDIO, BRAND CLARITY STRATEGIC MARKETING AND COMMUNICATIONS, BURSON, COMPASS ROSE GROUP, EARNSCLIFFE STRATEGY GROUP, ENTERPRISE CANADA, EKOS, HUMAN CONTACT INC, HYPERACTIVE PRODUCTIONS, INITIAL MARKETING INC, KACKPINE, KEN ANDERSON & ASSOCIATES, MEDIAPLUS ADVERTISING, NEON SOLNS INC, NIVA INC. PACE PUBLIC AFFAIRS & COMMUNITY ENGAGEMENT, PARRIAGEGROUP, PUBLIVATE INC., SANBAY ENTERTAINMENT, PARK ADVOCACY, SPRUCE CREATIVE INC, STIFF, SUSSEX STRATEGY GROUP, SYTAX STRATEGIC, VIEWPOINTS RESEARCH LTD., WEUSTHEM INC.",1,1,1200000.0,0.0,0.0002,0.94324,0.0
LIFEWORKS CANADA LTD,2,2,1191854.3,1191854.3,0.0002,0.94344,1.0
PETRO-CANADA LUBRICANTS INC,2,4,1188743.42,0.0,0.0002,0.94364,0.0
KROWN RUST CONTROL,2,2,1181023.0,0.0,0.0002,0.94384,0.0
SIGNALISATION KALITEC INC,1,1,1180226.67,0.0,0.0002,0.94404,0.0
KB CIVIL CONSTRUCTORS INC,1,1,1178595.0,0.0,0.0002,0.94424,0.0
AUTO WA UPHOLSTERY,3,3,1178163.6,0.0,0.0002,0.94444,0.0
HERITAGE GRADE,7,7,1176898.04,66650.55,0.0002,0.94464,0.0566
HATCH CORPORATION,1,1,1175990.0,1175990.0,0.0002,0.94484,1.0
GINQO CONSULTING LTD,5,10,1171740.0,1131740.0,0.0002,0.94504,0.9659
FRONTDESK QUEUE,2,2,1168963.29,1168963.29,0.0002,0.94524,1.0
WAGAR & CORPUT WEED CONTROL INC.,1,3,1168233.07,0.0,0.0002,0.94544,0.0
FLYNN CANADA LTD,3,3,1166759.0,0.0,0.0002,0.94564,0.0
"WARNOCK EQUIPMENT SERVICES LTD,ROBERT GOURLAY CARTAGE,MIKE MORRIS EQUIPMENT RENTALS INC,MCWILLIAMS CONSTRUCTION LIMITED,M A THOMPSON CARTAGE LTD,JOSH LASALLE CONSTRUCTION,GOLDIE MOHR LTD,GERRY CREPIN CARTAGE LTD,D&L CONTRACTING AND EQUIPMENT,CARP RD CONTRACTING,N.J.I MASONRY & HEAVY EQUIPMENT (2720583 ONTARIO INC),BRIAN C MILLER EQUIPMENT RENTALS (1763076 CANADA INC),TER MOR ENTERPRISES (1470581 ONTARIO INC),J W BASTIAN CONTRACTING INC,AURELE LACROIX EQUIPMENT RENTALS LT",1,1,1166603.5,0.0,0.0002,0.94584,0.0
BRODER ELECTRIC LTD,3,3,1161392.8,0.0,0.00019,0.94603,0.0
FRANCIS CANADA TRUCK CENTRE INC,3,4,1156006.0,0.0,0.00019,0.94622,0.0
"P MUNRO GROUP INC.,B G GORHAM CONSTRUCTION",1,1,1155962.71,0.0,0.00019,0.94641,0.0
AQUA TECH SOLUTIONS INC,1,1,1154347.0,0.0,0.00019,0.9466,0.0
BELLAI ALLIANCE CIVIL INC,2,2,1142161.1,0.0,0.00019,0.94679,0.0
PROENG CONSULTING INC,16,20,1139591.86,0.0,0.00019,0.94698,0.0
DECISIVE GROUP INC,2,6,1133993.9,0.0,0.00019,0.94717,0.0
CORE CIVIL CONSTRUCTION INC,2,2,1133880.0,0.0,0.00019,0.94736,0.0
MEDICALMART SUPPLIES LTD,1,1,1125000.0,0.0,0.00019,0.94755,0.0
ENVIROCENTRE,12,13,1122301.54,801036.93,0.00019,0.94774,0.7137
A ROHLING CONSTRUCTION SERVICES INC,19,19,1121299.42,0.0,0.00019,0.94793,0.0
NPLAN LIMITED,1,3,1119046.73,1119046.73,0.00019,0.94812,1.0
MORIN INSULATION AND ROOFING LTD,2,2,1104660.0,0.0,0.00019,0.94831,0.0
"NEDCO DIV OF REXEL CANADA ELECTRICA,WESCO DISTRIBUTION CANADA INC,MARCHAND ELECTRICAL COMPANY LTD,FRANKLIN EMPIRE INC",1,1,1102455.55,0.0,0.00018,0.94849,0.0
KOMUTEL INC.,2,3,1097548.31,1097548.31,0.00018,0.94867,1.0
DAALO PROPERTY MAINTENANCE,3,5,1094836.32,1094836.32,0.00018,0.94885,1.0
SERGE ZIMOLA CONSTRUCTION INC,6,8,1080259.67,0.0,0.00018,0.94903,0.0
MIOVISION TECHNOLOGIES INC,3,5,1078200.0,1078200.0,0.00018,0.94921,1.0
BOUTHILLETTE PARIZEAU INC,6,6,1072985.6,786747.5,0.00018,0.94939,0.7332
POWERSCREEN OF CANADA LTD,3,3,1068218.2,0.0,0.00018,0.94957,0.0
BREZACH SOLUTIONS INCORPORATED,2,3,1064658.3,0.0,0.00018,0.94975,0.0
GIP CONSTRUCTION ONTARIO EAST LTD (GCOE),2,2,1064212.3,0.0,0.00018,0.94993,0.0
TRANSIT COOLING SOLUTIONS,1,1,1058101.0,0.0,0.00018,0.95011,0.0
VAILTECH CORPORATION,1,1,1055588.9,1055588.9,0.00018,0.95029,1.0
KRONOS CANADIAN SYSTEMS INC,1,6,1053226.94,1053226.94,0.00018,0.95047,1.0
"ATLAS?APEX ROOFING (OTTAWA) INC,GODFREY ROOFING INC,ROOF TOPS ROOFING LTD",1,1,1050000.0,0.0,0.00018,0.95065,0.0
"ALTUS GROUP,USHER CAPORDELIS SEGUIN",1,1,1050000.0,0.0,0.00018,0.95083,0.0
"ALS CANADA LTD,BUREAU VERITAS CANADA (2019) INC,PARACEL LABORATORIES LTD",1,1,1050000.0,0.0,0.00018,0.95101,0.0
QUATROSENSE ENVIRONMENTAL LTD,1,1,1044772.36,0.0,0.00018,0.95119,0.0
"ONTARIO MEDICAL SUPPLY,SILVER SCRIPTS INC",1,1,1040382.8,0.0,0.00017,0.95136,0.0
MINISTRY OF FINANCE,5,7,1038433.2,1038433.2,0.00017,0.95153,1.0
HATCH LTD,1,2,1024972.0,1024972.0,0.00017,0.9517,1.0
"JWK UTILITIES AND SITE SERVICES LTD,W H MACSWEYN INC",1,1,1018320.0,0.0,0.00017,0.95187,0.0
IN?DEPTH CONTRACTING,2,2,1015622.14,0.0,0.00017,0.95204,0.0
O/A TLC EXTERIORS (10504408 CANADA INC),3,3,1007360.35,0.0,0.00017,0.95221,0.0
"NEPEAN KANATA LOCK AND DOOR SERVICE,BYTOWN LOCK INC,CANADIAN LOCK & SUPPLY LTD,GIRARD'S LOCK AND KEY,CITY LOCKSMITH LOCK & KEY SERVICE INC",1,1,1003580.0,0.0,0.00017,0.95238,0.0
"ALLIUM CONSULTING, C MIDDLETON COACHING, DENNERY RESOURCES INC (3492125 CANADA INC), ENRICHIA, ERNST & YOUNG, EXPERIENCE ADVISORS, INTERSOL, P2, PATWELL CONSULTING, PLEIAD CANADA, POSTIVIST GROUP, POWER HR, PRIMEBRIDGE CONSULTING, SAMSON HR, SAMSON & ASSOCIATES, STRATFORS, STRAT-OLOGY",1,1,1000000.0,0.0,0.00017,0.95255,0.0
"WEBBER INFRASTRUCTURE MANAGEMENT CA,MAXIMUM RENOVATION ETC,T G CARROLL CARTAGE LTD,CARP RD CONTRACTING",1,1,1000000.0,0.0,0.00017,0.95272,0.0
CORADIX TECHNOLOGY CONSULTING LTD,2,2,989675.0,0.0,0.00017,0.95289,0.0
BELLAI ALLIANCE CIVIL INC.,1,1,987208.86,0.0,0.00017,0.95306,0.0
FPS FIRE PROTECTION SERVICES,1,1,983371.67,0.0,0.00016,0.95322,0.0
FELIX TECHNOLOGY INC,1,2,977990.0,0.0,0.00016,0.95338,0.0
BABCO SALES LIMITED,1,1,977438.42,0.0,0.00016,0.95354,0.0
"417 BUS LINE LTD,VOYAGEUR TRAVEL SERVICES,FIRST STUDENT CANADA ULC,M L BRADLEY LTD,ROXBOROUGH BUS LINES LIMITED",1,1,961978.36,0.0,0.00016,0.9537,0.0
NCI COURIER SOLUTIONS INC,1,1,954490.43,0.0,0.00016,0.95386,0.0
BLUMETRIC ENVIRONMENTAL INC,23,23,953325.15,0.0,0.00016,0.95402,0.0
HOBIN ARCHITECTURE INCORPORATED,5,6,947195.64,57680.0,0.00016,0.95418,0.0609
QUALTRICS LLC,1,1,946079.26,946079.26,0.00016,0.95434,1.0
MEDIAPLUS ADVERTISING,9,9,945024.91,134830.0,0.00016,0.9545,0.1427
POWER TEK ELECTRICAL SERVICES INC,2,2,944600.0,0.0,0.00016,0.95466,0.0
PARKSMART INC,1,2,943395.0,943395.0,0.00016,0.95482,1.0
J WILSON PAVING,1,1,942039.73,0.0,0.00016,0.95498,0.0
"CRETE RYAN CONSTRUCTION,KURTIS ARMSTRONG CONTRACTING INC",1,1,940052.38,0.0,0.00016,0.95514,0.0
VIA RAIL CANADA INC,3,4,939485.18,939485.18,0.00016,0.9553,1.0
"CAMPBELL FORD SALES LTD,SURGENOR CHEVROLET BUICK GMC & CADILLAC OTTAWA,DONNELLY FLEET AND COMMERCIAL REPAIR",1,1,938180.0,0.0,0.00016,0.95546,0.0
"B G GORHAM CONSTRUCTION,JAKE'S LAWN CARE,MAURICE DESCHAMBAULT,PML CONTRACTING INC,WARNOCK EQUIPMENT SERVICES LTD",1,1,935359.5,0.0,0.00016,0.95562,0.0
KIMISTA HOLDINGS LTD,2,5,928976.25,0.0,0.00016,0.95578,0.0
ACG ENVIROCAN INC,3,4,919648.59,790323.59,0.00015,0.95593,0.8594
CARAHSOFT TECHNOLOGY CORP,1,2,918120.4,918120.4,0.00015,0.95608,1.0
GRANICUS CANADA HOLDINGS ULC,3,5,916388.68,146393.43,0.00015,0.95623,0.1598
MA INDEPENDENT BUILDING SERVICES,1,1,914864.47,0.0,0.00015,0.95638,0.0
RICOH CANADA INC.,2,2,914460.88,0.0,0.00015,0.95653,0.0
LWG ARCHITECTURAL INTERIORS INC,13,15,911094.51,66572.9,0.00015,0.95668,0.0731
THURBER ENGINEERING LTD.,11,12,910017.72,0.0,0.00015,0.95683,0.0
"CORNWALL GRAVEL CO LTD,THOMAS CAVANAGH CONSTRUCTION LTD",2,3,908279.51,0.0,0.00015,0.95698,0.0
"D&L CONTRACTING AND EQUIPMENT,SEBASTIEN ST LOUIS EXCAVATION",1,1,905057.31,0.0,0.00015,0.95713,0.0
SENER SES CANADA INC,2,2,902257.8,0.0,0.00015,0.95728,0.0
DAY-VIEW ELECTRIC INC,10,11,901991.8,0.0,0.00015,0.95743,0.0
"ABRAMS TOWING (1512081 ONTARIO LTD),SCRAP MY CAR INC (9755373 CANADA INC),CANADIAN TOWING EQUIPMENT INC,GERVAIS MOTORS LIMITED,MAYDAY TOWING (9376?6491 QUEBEC INC),OTTAWA METRO",1,1,900000.0,0.0,0.00015,0.95758,0.0
PRITCHARD ENGINEERING COMPANY LIMIT,2,2,898838.18,0.0,0.00015,0.95773,0.0
SI SYSTEMS PARTNERSHIP,1,1,896659.83,0.0,0.00015,0.95788,0.0
SEASON CARE INC,1,2,896642.84,0.0,0.00015,0.95803,0.0
POTTERS CANADA,2,3,896235.06,0.0,0.00015,0.95818,0.0
HYDRO OTTAWA,4,4,895766.41,895766.41,0.00015,0.95833,1.0
COUGHLIN AND ASSOCIATES LTD,2,4,889727.5,96300.0,0.00015,0.95848,0.1082
O/AS TILLINGS CONSTRUCTION & LANDSCAPING (11672398 CANADA LTD),1,2,884793.6,0.0,0.00015,0.95863,0.0
REGIONAL ELEVATOR,2,2,880560.0,0.0,0.00015,0.95878,0.0
BIOCHEM ENVIRONMENTAL SOLUTIONS INC,1,1,874603.32,0.0,0.00015,0.95893,0.0
SUPER SAVE TOILET RENTALS INC,1,3,869229.31,0.0,0.00015,0.95908,0.0
LDC PRECISION CONCRETE INC,1,2,865989.74,0.0,0.00015,0.95923,0.0
DLS TECHNOLOGY CORPORATION,1,1,857459.0,0.0,0.00014,0.95937,0.0
EASTWAY COLLISION,4,4,853172.54,0.0,0.00014,0.95951,0.0
SK SHEET METAL,1,1,846635.9,0.0,0.00014,0.95965,0.0
ELECTRICAL SAFETY AUTHORITY,2,4,844633.13,844633.13,0.00014,0.95979,1.0
WABTEC TRANSPORTATION CA INC,1,1,843150.0,843150.0,0.00014,0.95993,1.0
CONTINENTAL BATTERY SYSTEMS,1,2,833574.89,0.0,0.00014,0.96007,0.0
AINLEY GRAHAM AND ASSOCIATES LTD,11,11,832205.86,0.0,0.00014,0.96021,0.0
ERAMOSA ENGINEERING INC,2,3,816049.61,0.0,0.00014,0.96035,0.0
COLIZZA BRUNI ARCHITECTURE INC,5,6,812234.01,0.0,0.00014,0.96049,0.0
MORLEY HOPPNER INC.,1,1,810600.1,0.0,0.00014,0.96063,0.0
T P CRAWFORD LTD,2,2,808131.6,0.0,0.00014,0.96077,0.0
VIPOND FIRE PROTECTION INC,3,3,803376.0,803376.0,0.00013,0.9609,1.0
CAPITAL DODGE CHRYSLER LTD,3,3,800854.0,685177.0,0.00013,0.96103,0.8556
"LIBRARY OUTFITTERS,MONTEL SMARTSPACE OTTAWA INC",1,1,800000.0,0.0,0.00013,0.96116,0.0
IRON HORSE CORPORATION,2,2,791533.59,0.0,0.00013,0.96129,0.0
REALDECOY INC,2,6,789377.0,789377.0,0.00013,0.96142,1.0
PALMER ENVIRONMENTAL CONSULTING,5,5,788625.35,43225.0,0.00013,0.96155,0.0548
SANI-SOL INC,2,2,787642.65,0.0,0.00013,0.96168,0.0
ROOF TOPS ROOFING LTD,13,13,786203.1,44048.5,0.00013,0.96181,0.056
PENINSULA PLASTICS LTD,2,4,786120.94,0.0,0.00013,0.96194,0.0
ACCEO SOLUTIONS INC,1,1,783450.3,0.0,0.00013,0.96207,0.0
STRADA360 INC.,6,9,774018.21,774018.21,0.00013,0.9622,1.0
TANGENTIA INC,1,2,773514.51,0.0,0.00013,0.96233,0.0
DSQ PLUMBING & ENVIRONMENTAL LTD,2,2,769843.32,0.0,0.00013,0.96246,0.0
"MAURICE YELLE EXCAVATION LTD,D&L CONTRACTING AND EQUIPMENT",1,1,766499.94,0.0,0.00013,0.96259,0.0
"ARIVA DIV DOMTAR INC,SPICERS",1,1,762822.25,0.0,0.00013,0.96272,0.0
KIM FIORENTINO,1,1,760000.0,760000.0,0.00013,0.96285,1.0
"PENINSULA CONSTRUCTION INC,O/A HUGHSON FENCING AND GUIDERAIL (535276 ONTARIO INC)",1,1,759111.6,0.0,0.00013,0.96298,0.0
NAK DESIGN STRATEGIES/STLA,5,5,755869.5,0.0,0.00013,0.96311,0.0
RECOCHEM,2,2,755010.0,0.0,0.00013,0.96324,0.0
CSV ARCHITECTS INC,7,10,750988.56,0.0,0.00013,0.96337,0.0
"DAVID BERMAN COMMUNICATIONS, ACESSIBIL-IT INC., CURE FOR GRAVITY LTD., T-BASE COMMUNICATIONS INC., ACCESSIBILITY PARTNERS, CRAWFORD TECHNOLOGIES.",1,1,750000.0,0.0,0.00013,0.9635,0.0
"CUMMINS CANADA ULC,CITY VIEW BUS SALES & SERVICE LTD.",1,1,750000.0,0.0,0.00013,0.96363,0.0
SEWE CONSTRUCTION SERVICES,7,9,742992.45,0.0,0.00012,0.96375,0.0
AMACO CONSTRUCTION EQUIPMENT LTD,2,2,742500.0,0.0,0.00012,0.96387,0.0
ULTRACLEAR ENGINE FLUIDS INC,1,1,740070.6,0.0,0.00012,0.96399,0.0
GILMORE DOCULINK,1,3,738202.66,0.0,0.00012,0.96411,0.0
GHD LIMITED,12,12,732613.18,0.0,0.00012,0.96423,0.0
THE WOOD SOURCE INC.,1,1,724490.42,0.0,0.00012,0.96435,0.0
ATTA ELEVATORS OTTAWA INC,1,1,721380.0,0.0,0.00012,0.96447,0.0
CAMFIL CANADA INC,1,1,716510.3,0.0,0.00012,0.96459,0.0
NORS CONSTRUCTION EQUIPMENT CA ST LP,1,1,714650.0,0.0,0.00012,0.96471,0.0
"O/A G&L AUTOMOTIVE (459826 ONTARIO LTD), CANADIAN TOWING (2695885 ONTARIO INC), GERVAIS MOTORS LIMITED,OTTAWA METRO TOWING AND RECOVERY IN, SCRAP MY CAR INC (9755373 CANADA INC)",1,1,713564.91,0.0,0.00012,0.96483,0.0
SURGENOR CHEVROLET BUICK GMC &,2,6,710792.0,710792.0,0.00012,0.96495,1.0
"JAKE'S LAWN CARE,VS LANDSCAPE GROUP",1,1,710668.48,0.0,0.00012,0.96507,0.0
CALLON DIETZ INCORPORATED ONTARIO,13,13,708955.7,0.0,0.00012,0.96519,0.0
D&G LANDSCAPING (2015) INC,4,5,708407.24,0.0,0.00012,0.96531,0.0
R COURIER,2,3,704579.25,0.0,0.00012,0.96543,0.0
HDR CORPORATION,4,4,704117.83,0.0,0.00012,0.96555,0.0
SQM JANITORIAL SERVICES INC,2,2,703839.41,0.0,0.00012,0.96567,0.0
CLIMATE WORKS (1799541 ONTARIO INC),1,1,703230.05,0.0,0.00012,0.96579,0.0
LOTOWATER TECHNICAL SERVICES INC,3,3,699954.4,0.0,0.00012,0.96591,0.0
BROOK RESTORATION LTD,1,1,698500.0,0.0,0.00012,0.96603,0.0
ROGERS COMMUNICATION CANADA INC,3,3,697733.52,0.0,0.00012,0.96615,0.0
SANI SOL INC,2,2,694036.74,0.0,0.00012,0.96627,0.0
PLAN GROUP INC,1,1,691614.0,0.0,0.00012,0.96639,0.0
VITALITY LANDSCAPING INC,7,7,691422.65,0.0,0.00012,0.96651,0.0
MAGLIN SITE FURNITURE INC,4,4,690463.5,690463.5,0.00012,0.96663,1.0
BIO ACTION NATURE INC,2,3,690234.47,0.0,0.00012,0.96675,0.0
"TRADEMARK SAFETY AND RESCUE LTD,MULTI-TREK LTD,MAGELLAN ENGINEERING CONSULTANTS INC",1,1,690000.0,0.0,0.00012,0.96687,0.0
SOUTHBANK DODGE CHRYSLER LTD,5,6,689903.74,585605.4,0.00012,0.96699,0.8488
CANADA PAVING &,2,2,680865.98,0.0,0.00011,0.9671,0.0
RAYMOND CHABOT GRANT THORNTON,9,11,678985.5,0.0,0.00011,0.96721,0.0
CONTINENTAL CARBON GROUP INC,5,5,677378.0,0.0,0.00011,0.96732,0.0
"RUSH TRUCK CENTRES OF CANADA LIMITE,PRECISION DIESEL,FRANCIS CANADA TRUCK CENTRE INC,CITY VIEW BUS SALES & SERVICE LTD.,CUMMINS CANADA ULC",1,1,675000.0,0.0,0.00011,0.96743,0.0
HP ENGINEERING,8,8,674422.79,0.0,0.00011,0.96754,0.0
ABD IRONWORLD,3,3,672276.06,0.0,0.00011,0.96765,0.0
"ART WOODS OFFICE SUPPLIES LTD,BATTERIES DIXON INC",1,1,671044.49,0.0,0.00011,0.96776,0.0
IMPIRICA INC,2,2,670800.0,670800.0,0.00011,0.96787,1.0
"CORNWALL GRAVEL CO LTD,LAFARGE CANADA INC,RW TOMLINSON LTD,THOMAS CAVANAGH CONSTRUCTION LTD",1,3,668600.22,0.0,0.00011,0.96798,0.0
T.Y.LIN INTERNATIONAL CANADA INC,5,6,666490.1,0.0,0.00011,0.96809,0.0
INFOSTEAD TECHNOLOGIES (8965161 CANADA INC),1,1,666000.0,0.0,0.00011,0.9682,0.0
ASMARA MAINTENANCE LTD,2,2,665197.72,0.0,0.00011,0.96831,0.0
CAMPBELL SCIENTIFIC (CANADA) CORP.,1,2,664710.82,664710.82,0.00011,0.96842,1.0
CACHE CONSULTING CORPORATION,1,1,664200.0,0.0,0.00011,0.96853,0.0
A J STONE CO LTD,3,3,661988.7,0.0,0.00011,0.96864,0.0
GE INTELLIGENT PLATFORMS CANADA,2,3,660390.83,660390.83,0.00011,0.96875,1.0
"FLYNN CANADA LTD, GRIZZLIE GLASS, HONEY GLASS AND WINDOW LTD",1,1,660000.0,0.0,0.00011,0.96886,0.0
T.G. BAKER AMERICAS INC,2,2,659921.0,659921.0,0.00011,0.96897,1.0
CORNWALL GRAVEL CO LTD,4,4,650830.87,0.0,0.00011,0.96908,0.0
"ENHANCED FACILITY SERVICES CLEANING,RAPID CLEANERS (4095839 CANADA INC)",1,1,649476.53,0.0,0.00011,0.96919,0.0
DW BUILDING RESTORATION SERVICES IN,2,2,645961.97,0.0,0.00011,0.9693,0.0
ERNST AND YOUNG,6,6,643340.0,526200.0,0.00011,0.96941,0.8179
"ASL AGRODRAIN LIMITED,KURTIS ARMSTRONG CONTRACTING INC,POLANE EXCAVATION,RW TOMLINSON LTD,REMI PERRON,STRATHMAR TRENCHING LTD",1,1,640271.2,0.0,0.00011,0.96952,0.0
"TAMAX (1995653 ONTARIO INC),AL'S FENCING INC,B G GORHAM CONSTRUCTION,JAKE'S LAWN CARE,MAURICE DESCHAMBAULT,WARNOCK EQUIPMENT SERVICES LTD",1,1,636327.8,0.0,0.00011,0.96963,0.0
RECRUITING IN MOTION (8332886 CANADA INC.),1,1,635040.0,0.0,0.00011,0.96974,0.0
SECUR FIRE PROTECTION,2,2,634823.0,0.0,0.00011,0.96985,0.0
CROLLA CONSTRUCTION CORP,2,2,633944.3,0.0,0.00011,0.96996,0.0
MUNICIPAL EQUIPMENT (2430174 ONTARIO INC.),3,3,633943.23,633943.23,0.00011,0.97007,1.0
NOVA VISUAL PRODUCTS,2,2,630057.36,0.0,0.00011,0.97018,0.0
MESSA COMPUTING,1,1,630000.0,0.0,0.00011,0.97029,0.0
"AL'S FENCING INC,WARNOCK EQUIPMENT SERVICES LTD,CTM SWEEPING CO",1,1,629192.5,0.0,0.00011,0.9704,0.0
SLBC INC,1,1,626722.17,0.0,0.0001,0.9705,0.0
ROGERS PAYMENT CENTRE,1,1,624359.89,0.0,0.0001,0.9706,0.0
TAB PRODUCTS OF CANADA CO,2,2,621924.96,25000.0,0.0001,0.9707,0.0402
EMCO CORPORATION,2,2,618208.4,0.0,0.0001,0.9708,0.0
THE GOLDEN CAR CORPORATION o/a HEIM,2,3,615077.31,0.0,0.0001,0.9709,0.0
MIL MAR CONTRACTORS LTD,12,12,614072.6,0.0,0.0001,0.971,0.0
CAUSEWAY WORK CENTRE,2,2,613136.52,401406.72,0.0001,0.9711,0.6547
TRANSPORTATION RESOURCE,1,2,611835.01,611835.01,0.0001,0.9712,1.0
KROON ELECTRIC CORP,3,3,611793.0,27450.0,0.0001,0.9713,0.0449
NUTTALL WELDING AND FABRICATION,9,9,604366.14,49263.16,0.0001,0.9714,0.0815
"SCRAP MY CAR INC (9755373 CANADA INC),CANADIAN TOWING EQUIPMENT INC,GERVAIS MOTORS LIMITED,OTTAWA METRO TOWING AND RECOVERY IN, MAYDAY TOWING (9376- 6491 QUEBEC INC)",1,1,600000.0,0.0,0.0001,0.9715,0.0
"BRIDGECAST INC,DAVIDSON VIOLETTE & ASSOCIATES INC,FLEMING COMMUNICATIONS INC",1,1,600000.0,0.0,0.0001,0.9716,0.0
"A. ROHLING CONSTRUCTION SERVICES INC., MARWOOD HOMES INC., K. JOLY CONTRACTING INC.",1,1,600000.0,0.0,0.0001,0.9717,0.0
"MR LUBE F & K TRUDEL ENTERPRISES IN,K&S KELLY TIRE SERVICE INC,SOUTHBANK DODGE CHRYSLER LTD,MYERS-ORLEANS CHEV-BUICK-GMC,JIM KEAY,MYERS CHEV OLDS CADILLAC INC.,MYERS KANATA CHEV BUICK GMC,MYERS MANOTICK DODGE JEEP RAM,CAPITAL DODGE CHRYSLER LTD,CAMPBELL FORD SALES LTD,ORLEANS DODGE CHRYSLER INC",1,1,600000.0,0.0,0.0001,0.9718,0.0
OTTAWA METRO TOWING AND RECOVERY IN,1,1,598000.0,0.0,0.0001,0.9719,0.0
JOE JOHNSON EQUIPMENT INC,1,1,593604.0,593604.0,0.0001,0.972,1.0
BRIDGESTONE CANADA INC,2,3,590162.6,0.0,0.0001,0.9721,0.0
JD BARNES LTD,10,10,588747.3,0.0,0.0001,0.9722,0.0
INGIMUNDSON CONSTRUCTION LTD.,1,1,583935.0,0.0,0.0001,0.9723,0.0
KONICA MINOLTA BUSINESS SOLUTION,1,1,583703.31,0.0,0.0001,0.9724,0.0
"OTTAWA D SQUARED CONSTRUCTION LTD,P MUNRO GROUP INC.,MOPRI CONSTRUCTION INC,LES PARISIEN CONSTRUCTION LTD,STRADA CONSTRUCTION GROUP INC.",2,2,582500.0,0.0,0.0001,0.9725,0.0
LAFARGE CANADA INC,6,7,579650.09,0.0,0.0001,0.9726,0.0
"WARNOCK EQUIPMENT SERVICES LTD,MIKE MORRIS EQUIPMENT RENTALS INC,CARP RD CONTRACTING,J W BASTIAN CONTRACTING INC,ROBERT GOURLAY CARTAGE,MCWILLIAMS CONSTRUCTION LIMITED,JOSH LASALLE CONSTRUCTION,GERRY CREPIN CARTAGE LTD, TER MOR ENTERPRISES (1470581 ONTARIO INC)",1,1,574632.0,0.0,0.0001,0.9727,0.0
PREVOST A DIVISION OF VOLVO GROUP,3,3,566906.18,55357.26,9e-05,0.97279,0.0976
QLOGITEK,1,1,554767.83,0.0,9e-05,0.97288,0.0
JA LARUE INC,1,1,554500.02,0.0,9e-05,0.97297,0.0
CONNEX TELE COMMUNICATIONS INC,2,4,553894.65,553894.65,9e-05,0.97306,1.0
HTS ENGINEERING LTD,5,5,550080.95,519330.95,9e-05,0.97315,0.9441
"WEBBER INFRASTRUCTURE MANAGEMENT CA,BEACON LITE (OTTAWA) LTD,ARX FENCING & LOGISTICS INC",1,1,550000.0,0.0,9e-05,0.97324,0.0
ZAMBONI COMPANY LTD,1,2,549750.0,0.0,9e-05,0.97333,0.0
STIFF SENTENCES INC,7,7,547913.55,0.0,9e-05,0.97342,0.0
GRC ARCHITECTS INC,5,7,547343.15,0.0,9e-05,0.97351,0.0
JUTZI WATER TECHNOLOGIES INC,1,1,547200.0,0.0,9e-05,0.9736,0.0
VSF WRAP,1,1,546893.55,0.0,9e-05,0.97369,0.0
JAMROCK LTD,1,1,546341.4,0.0,9e-05,0.97378,0.0
NORMANDIN BEAUDRY ACTUAIRES,1,1,546237.44,0.0,9e-05,0.97387,0.0
IPSS INC,1,2,543483.02,0.0,9e-05,0.97396,0.0
ADOR TECH INC,2,2,543444.0,0.0,9e-05,0.97405,0.0
FISHBURN SHERIDAN,11,11,541199.74,0.0,9e-05,0.97414,0.0
COVENTRY CONNECTIONS,1,1,540000.0,540000.0,9e-05,0.97423,1.0
"TAMAX (1995653 ONTARIO INC),AL'S FENCING INC,CTM SWEEPING CO,MAURICE DESCHAMBAULT,WARNOCK EQUIPMENT SERVICES LTD",1,1,539675.1,0.0,9e-05,0.97432,0.0
THOMPSON TECHNOLOGIES,3,3,537702.0,537702.0,9e-05,0.97441,1.0
POINTCLICKCARE TECHNOLOGIES INC.,1,2,532407.09,532407.09,9e-05,0.9745,1.0
DATA COMMUNICATIONS,5,5,532128.42,464361.47,9e-05,0.97459,0.8726
OPEN STORAGE SOLUTIONS,2,2,530100.7,0.0,9e-05,0.97468,0.0
WGD CONSULTING INC.,1,2,527969.0,527969.0,9e-05,0.97477,1.0
SIEMENS MOBILITY LIMITED,4,4,527943.9,527943.9,9e-05,0.97486,1.0
ARJO CANADA INC,3,4,524797.66,127597.38,9e-05,0.97495,0.2431
THERMO KING OF OTTAWA 1985 LTD,2,2,516892.8,485003.8,9e-05,0.97504,0.9383
PRESTIGE DESIGN AND CONSTRUCTION LTD,1,1,510669.58,0.0,9e-05,0.97513,0.0
JAMES B LENNOX AND ASSOCIATES,7,8,510376.99,0.0,9e-05,0.97522,0.0
A & B PAVING CORP,7,7,509097.99,0.0,9e-05,0.97531,0.0
WSP E&I CANADA LTD,7,8,508431.18,110909.0,9e-05,0.9754,0.2181
TELEFLEX MEDICAL CANADA INC,1,1,501510.5,501510.5,8e-05,0.97548,1.0
ATLAS-APEX ROOFING (OTTAWA) INC,3,3,500456.83,0.0,8e-05,0.97556,0.0
"IN DEPTH CONTRACTING,P MUNRO GROUP INC.",1,1,500000.0,0.0,8e-05,0.97564,0.0
ECO TECHNOLOGIES LTD,2,3,499140.1,499140.1,8e-05,0.97572,1.0
RBB INNOVATIONS LTD,2,2,497024.73,0.0,8e-05,0.9758,0.0
CHRISTIE LITES SALES,1,1,491731.49,0.0,8e-05,0.97588,0.0
GOLDER ASSOCIATES,3,3,491680.0,0.0,8e-05,0.97596,0.0
RAYMOND AND ASSOCIATES ROOFING INC,2,2,491077.6,0.0,8e-05,0.97604,0.0
FVB ENERGY INC,2,2,490699.66,0.0,8e-05,0.97612,0.0
REGO CONSULTING CORPORATION,2,2,485473.0,0.0,8e-05,0.9762,0.0
TOMLINSON ENVIRONMENTAL SERVICE LTD,2,2,482366.52,0.0,8e-05,0.97628,0.0
"A ROHLING CONSTRUCTION SERVICES INC,BRADLEY'S LANDSCAPING INC,D AND H FENCING",1,1,480000.0,0.0,8e-05,0.97636,0.0
MARANT CONSTRUCTION LIMITED,1,1,479600.0,0.0,8e-05,0.97644,0.0
GREELY SAND AND GRAVEL,2,2,478416.0,0.0,8e-05,0.97652,0.0
GEI CONSULTANTS LTD.,2,2,477823.3,248960.0,8e-05,0.9766,0.521
BDO CANADA LLP,4,5,469329.9,0.0,8e-05,0.97668,0.0
LES TOITURES RAYMOND & ASSOC INC,1,2,467226.58,0.0,8e-05,0.97676,0.0
COLDFRONT LABS INC,2,2,466846.6,0.0,8e-05,0.97684,0.0
ETS EXPRESS TOWING SERVICE CORP,1,1,465750.61,0.0,8e-05,0.97692,0.0
PLANIT SEARCH INC,1,1,463710.0,0.0,8e-05,0.977,0.0
PREMIER NORTH LTD,1,1,463338.1,0.0,8e-05,0.97708,0.0
QUEST SOFTWARE CANADA INC,1,1,463165.44,463165.44,8e-05,0.97716,1.0
THE VIVID GROUP INC,3,3,462172.21,0.0,8e-05,0.97724,0.0
TRANSIT (9280-0366 QUEBEC INC.),1,1,462000.0,462000.0,8e-05,0.97732,1.0
ORLEANS QUALITY CLEANING,1,1,460894.14,0.0,8e-05,0.9774,0.0
"RW TOMLINSON LTD,GEO W DRUMMOND LTD,GERRY CREPIN CARTAGE LTD",2,2,458152.82,0.0,8e-05,0.97748,0.0
VANDERWESTEN & RUTHERFORD ASSOC INC,9,9,457487.9,0.0,8e-05,0.97756,0.0
MAURICE YELLE EXCAVATION LTD,3,4,456383.9,0.0,8e-05,0.97764,0.0
"OTTAWA D SQUARED CONSTRUCTION LTD,P MUNRO GROUP INC.,LES PARISIEN CONSTRUCTION LTD,MOPRI CONSTRUCTION INC",1,1,453699.18,0.0,8e-05,0.97772,0.0
"AECOM CANADA ULC, AINLEY GRAHAM & ASSOCIATES LIMITED, ARCADIS PROF SERVICES (CANADA) INC, ATKINSRÉALIS CANADA INC, CIMA CANADA INC, DILLON CONSULTING LIMITED, EGIS CANADA, ENGLOBE CORP, EXP SERVICES INC, GHD LIMITED, GHEC, HDR CORPORATION, J L RICHARDS & ASSOCIATES LTD, MOBYCON, MORR TRANSPORTATION CONSULTING LTD, NOVATECH ENGINEERING CONSULTANTS LTD, PARSONS INC, R A MALATEST & ASSOCIATES LTD, R V ANDERSON ASSOCIATES LTD, RIDESHARK CORPORATION, ROBINSON CONSULTANTS INC, STANTEC CONSULTING LTD, TRUE NORTH SAFETY GROUP, WSP CANADA INC",1,1,450000.0,0.0,8e-05,0.9778,0.0
"IPL NORTH AMERICA INC,ORBIS CANADA LTD",1,2,448245.23,0.0,8e-05,0.97788,0.0
CARDINAL HEALTH CANADA INC,3,3,448237.54,0.0,8e-05,0.97796,0.0
DSM GEODATA LTD,3,4,447231.1,0.0,7e-05,0.97803,0.0
"A J STONE CO LTD,M&L SUPPLY, FIRE & SAFETY (3635112 CANADA INC)",1,1,445086.19,0.0,7e-05,0.9781,0.0
THE AIRBORNE SENSING CORPORATION,1,2,444878.42,0.0,7e-05,0.97817,0.0
STAR LIFE FIRE AND,2,6,443659.89,0.0,7e-05,0.97824,0.0
GANNETT FLEMING CANADA ULC,1,1,442216.98,442216.98,7e-05,0.97831,1.0
CMAX OTTAWA,2,2,440988.86,0.0,7e-05,0.97838,0.0
SUSE SOFTWARE SOLUTIONS CANADA ULC,1,3,437659.77,437659.77,7e-05,0.97845,1.0
UNIFIRST CANADA LTD,1,2,436791.37,53635.81,7e-05,0.97852,0.1228
BRINKMAN & ASSOCIATES,2,2,436364.0,0.0,7e-05,0.97859,0.0
QUADIENT CANADA LTD,2,2,433330.3,0.0,7e-05,0.97866,0.0
MODERN NIAGARA OTTAWA INC,4,5,432810.25,137696.0,7e-05,0.97873,0.3181
RUHLAND AND ASSOCIATES LTD,7,7,432121.17,0.0,7e-05,0.9788,0.0
GLOBAL RENTAL CANADA ULC,3,5,432038.5,406218.5,7e-05,0.97887,0.9402
ELIOT ROOFING LTD.,2,2,431255.0,0.0,7e-05,0.97894,0.0
SPECIALTY FURNITURE INC,5,5,428993.0,0.0,7e-05,0.97901,0.0
MICROSOFT CANADA,2,2,428817.27,396423.6,7e-05,0.97908,0.9245
FUTE MEDIA INC,1,1,426450.62,426450.62,7e-05,0.97915,1.0
ANTRIM WESTERN STAR,1,1,423955.4,0.0,7e-05,0.97922,0.0
MALROZ ENGINEERING INCORPORATED,8,8,422937.5,0.0,7e-05,0.97929,0.0
"DELCO AUTOMATION INC,CONVERGINT TECHNOLOGIES LTD,PALADIN TECHNOLOGIES INC",1,1,422810.0,0.0,7e-05,0.97936,0.0
BATTLESHIELD INDUSTRIES LIMITED,5,5,421523.68,53548.83,7e-05,0.97943,0.127
"WARNOCK EQUIPMENT SERVICES LTD,ROBERT GOURLAY CARTAGE,JOSH LASALLE CONSTRUCTION,MASONRY & HEAVY EQUIPMENT (2720583 ONTARIO INC),BRIAN C MILLER EQUIPMENT RENTALS(1763076 CANADA INC)",1,1,420925.0,0.0,7e-05,0.9795,0.0
KOMUTEL CANADA INC.,1,1,420600.0,420600.0,7e-05,0.97957,1.0
GALLIVAN DEVELOPMENT INC,2,2,419660.68,0.0,7e-05,0.97964,0.0
NANOS RESEARCH,5,6,419154.0,97185.0,7e-05,0.97971,0.2319
FLOVAL EQUIPMENT LTD,4,4,417781.0,392351.0,7e-05,0.97978,0.9391
KEYNOTE GROUP INC,7,7,415904.34,0.0,7e-05,0.97985,0.0
NAVPOINT CONSULTING GROUP INC,4,5,415745.42,0.0,7e-05,0.97992,0.0
PALAZZANI USA,1,1,414589.8,414589.8,7e-05,0.97999,1.0
GANNON BLACKBURN ELECTRIC INC,2,2,412207.59,0.0,7e-05,0.98006,0.0
A.W. HOOKER ASSOCIATES LTD.,4,7,411200.0,0.0,7e-05,0.98013,0.0
NEDERMAN CANADA LIMITED,3,3,406980.29,406980.29,7e-05,0.9802,1.0
SIMPSON GUMPERTZ & HEGER INC,8,8,405517.2,405517.2,7e-05,0.98027,1.0
COLD FIRE CANADA LTD,1,1,403859.36,403859.36,7e-05,0.98034,1.0
1146592 S AND L WASTETECH,7,7,402915.0,402915.0,7e-05,0.98041,1.0
"TAILLEFER PLUMBING AND HEATING,BLACK AND MCDONALD LTD,EASTERN WELDING",1,1,400000.0,0.0,7e-05,0.98048,0.0
"AQUA DRAIN SEWER SERVICES INC,CLEAN WATER WORKS INC",1,2,398833.33,0.0,7e-05,0.98055,0.0
OTTAWA COMPRESSOR SERVICES,2,2,394501.0,0.0,7e-05,0.98062,0.0
LIV NORTH INC,1,1,394420.0,0.0,7e-05,0.98069,0.0
STINSON EQUIPMENT LTD,5,5,393521.97,39936.97,7e-05,0.98076,0.1015
CANAAN INC,1,1,391960.0,391960.0,7e-05,0.98083,1.0
TULLOCH GEOMATICS INC,7,7,390584.46,0.0,7e-05,0.9809,0.0
SEWE CONSTRUCTION INC.,8,8,388550.4,0.0,7e-05,0.98097,0.0
RAVEN CHEMICALS INC,2,3,387362.2,0.0,6e-05,0.98103,0.0
"MOUNTAINVIEW TURF FARM LTD,RESIDEX CANADA INC.",1,1,386540.0,0.0,6e-05,0.98109,0.0
PRICE WATERHOUSE COOPERS LLP,4,5,383386.51,131953.0,6e-05,0.98115,0.3442
KURTIS ARMSTRONG CONTRACTING INC,2,2,380255.82,0.0,6e-05,0.98121,0.0
S & R MECHANICAL,1,1,376640.0,0.0,6e-05,0.98127,0.0
TOTAL INSTANT LAWNS LTD,3,3,375630.47,0.0,6e-05,0.98133,0.0
WELMAR RECREATIONAL PRODUCTS,1,1,375572.0,0.0,6e-05,0.98139,0.0
"GREEN WORKS CONTRACTING INC,WEBBER INFRASTRUCTURE MANAGEMENT CA",1,1,375000.0,0.0,6e-05,0.98145,0.0
BIOMASS RE-CYCLE CANADA INC,1,2,374464.5,0.0,6e-05,0.98151,0.0
ALLIANCE TECHNOLOGIES,1,1,372273.24,0.0,6e-05,0.98157,0.0
"AQUA DRAIN SEWER SERVICES INC,BADGER DAYLIGHTING LP,CLEAN WATER WORKS INC,HYDROCAM,LAURENT LEBLANC LIMITED,NORRIS CONSTRUCTION MANAGEMENT INC",1,1,369730.78,0.0,6e-05,0.98163,0.0
TERRAPEX ENVIRONMENTAL LTD,8,8,369478.3,0.0,6e-05,0.98169,0.0
FOTENN CONSULTANTS INC,3,5,368943.5,292303.5,6e-05,0.98175,0.7923
TYCO INTEGRATED FIRE & SECURITY,2,2,367603.7,367603.7,6e-05,0.98181,1.0
AQUATIC INFORMATICS INC.,2,3,366816.93,231679.28,6e-05,0.98187,0.6316
AMOR CONSTRUCTION,3,4,365963.88,0.0,6e-05,0.98193,0.0
ALFA LAVAL INC,4,4,364971.84,364971.84,6e-05,0.98199,1.0
DEVELOTECH INC,1,1,362095.97,0.0,6e-05,0.98205,0.0
MAXIMUM RENOVATION ETC,3,3,361940.44,0.0,6e-05,0.98211,0.0
WESSUC INCORPORATED,2,2,361666.69,0.0,6e-05,0.98217,0.0
AET GROUP INC,2,2,358398.5,0.0,6e-05,0.98223,0.0
TRUE SERVICES INC.,1,1,356248.1,0.0,6e-05,0.98229,0.0
"PERRY O'GRADY CONTRACTING,J B FOREST PRODUCTS LTD",2,2,352942.49,0.0,6e-05,0.98235,0.0
CUTRIC CRITUC CANADIAN URBAN TRANSIT,1,1,351717.3,351717.3,6e-05,0.98241,1.0
HERC RENTALS,1,1,351336.56,0.0,6e-05,0.98247,0.0
A/C MECHANICAL REFRIGERATION LTD,1,1,350783.24,0.0,6e-05,0.98253,0.0
GERRY CREPIN CARTAGE LTD,2,2,350579.9,0.0,6e-05,0.98259,0.0
REDFLEX TRAFFIC SYSTEMS INC,1,1,347000.0,0.0,6e-05,0.98265,0.0
WORKPLACE MEDICAL CORP,2,2,346725.0,39375.0,6e-05,0.98271,0.1136
ENVIRONICS ANALYTICS GROUP LTD,2,2,343225.5,343225.5,6e-05,0.98277,1.0
BROUCO SERVICES INC,1,2,340563.16,0.0,6e-05,0.98283,0.0
HEMSON CONSULTING LTD,2,2,339860.0,0.0,6e-05,0.98289,0.0
BP&M GOVERNMENT IM & IT CONSULTING,2,3,336415.0,0.0,6e-05,0.98295,0.0
MUNICIPAL GOVERNMENT WAYFINDERS LTD,3,3,336400.0,336400.0,6e-05,0.98301,1.0
ALBEC PAINTING AND COATINGS INC,1,1,336150.0,0.0,6e-05,0.98307,0.0
GOODKEY WEEDMARK AND ASSOCIATES LTD,4,4,334868.95,0.0,6e-05,0.98313,0.0
FLENDER CORPORATION CANADA BRANCH,1,1,334540.0,334540.0,6e-05,0.98319,1.0
"PRECISION DIESEL,B AND T MACFARLANE OTTAWA LTD,TOROMONT CAT POWER SYSTEMS",1,1,332360.2,0.0,6e-05,0.98325,0.0
ITRON CANADA INC LE,1,2,331567.4,0.0,6e-05,0.98331,0.0
PREDATOR BIRD SERVICES INC,1,3,330970.0,0.0,6e-05,0.98337,0.0
STUDIO RED LANDSCAPE,6,6,330244.5,0.0,6e-05,0.98343,0.0
DISTRESS CENTRE OF OTTAWA,3,4,330000.0,330000.0,6e-05,0.98349,1.0
ARCHITECTURE49 INC,1,2,329580.0,0.0,6e-05,0.98355,0.0
BIRCON CANADA LTD,2,2,329066.1,0.0,6e-05,0.98361,0.0
R.A. MALATEST AND ASSOCIATES LTD,3,3,328528.39,79177.55,6e-05,0.98367,0.241
CLIMATIVE INC,1,1,328502.0,0.0,6e-05,0.98373,0.0
COMOTECH CONTROLS,3,3,327460.6,296614.85,5e-05,0.98378,0.9058
"DAVEY TREE EXPERT CO OF CANADA LTD,VS LANDSCAPE GROUP, WRIGHT TREE SERVICE (2672615 ONTARIO INC)",1,1,326719.17,0.0,5e-05,0.98383,0.0
WESTBURNE / REXEL,3,3,324564.47,324564.47,5e-05,0.98388,1.0
AIRBORNE IMAGING INC.,2,2,324280.09,0.0,5e-05,0.98393,0.0
HERTZ/ SURGENOR NATIONAL LEASING,2,4,323946.8,168392.0,5e-05,0.98398,0.5198
A & G THE ROAD CLEANERS LTD,1,1,320600.0,0.0,5e-05,0.98403,0.0
BRUCE MECHANICAL LTD,1,1,318939.5,0.0,5e-05,0.98408,0.0
POLARIS INFLATABLE BOATS,1,1,318398.0,0.0,5e-05,0.98413,0.0
TECHMIX,1,1,317876.87,0.0,5e-05,0.98418,0.0
ARCADIS CANADA INC,4,4,315574.83,0.0,5e-05,0.98423,0.0
"ASL AGRODRAIN LIMITED,KURTIS ARMSTRONG CONTRACTING INC",2,3,312545.5,0.0,5e-05,0.98428,0.0
STERICYCLE ULC,2,2,312399.8,0.0,5e-05,0.98433,0.0
LIFELABS LP,2,2,312087.37,0.0,5e-05,0.98438,0.0
VAN'S PRESSURE CLEANING LIMITED,3,4,311227.94,0.0,5e-05,0.98443,0.0
GENERAL CONTRACTORS RAYMOND,1,1,306603.0,0.0,5e-05,0.98448,0.0
AUTOMATED LOGIC CANADA LTD,4,4,305660.0,305660.0,5e-05,0.98453,1.0
D ROCK PAVING (2618018 ONTARIO INC),1,1,304890.1,0.0,5e-05,0.98458,0.0
VEOLIA ES CANADA,1,2,303800.0,0.0,5e-05,0.98463,0.0
ENGLOBE CORP,2,2,303555.92,0.0,5e-05,0.98468,0.0
MCASPHALT INDUSTRIES LTD,1,2,301218.29,301218.29,5e-05,0.98473,1.0
"A & B PAVING CORP,CONCORDIA PAVING (2013) LTD,IN DEPTH CONTRACTING,STRADA CONSTRUCTION GROUP INC.",1,1,300283.2,0.0,5e-05,0.98478,0.0
"SEWE CONSTRUCTION SERVICES,A ROHLING CONSTRUCTION SERVICES INC,XPERTEK CONSTRUCTION 2004 INC,RC BUILDERS INC",1,1,300000.0,0.0,5e-05,0.98483,0.0
"AECOM CANADA ULC, AINLEY GRAHAM & ASSOCIATES LIMITED, ARCADIS PROF. SERVICES (CANADA) INC./ARCADIS ARCHITECTS (CANADA) INC., CIMA CANADA INC., CIMA CANADA INC., DILLON CONSULTING LIMITED, EGIS CANADA, ENGLOBE CORP., EXP SERVICES INC., GHD LIMITED, GHEC, GHEC, HDR CORPORATION, J.L. RICHARDS & ASSOCIATES LTD, KGS GROUP, MOBYCON, NOVATECH ENGINEERING CONSULTANTS LTD., PARSONS INC., R.A. MALATEST & ASSOCIATES LTD., R.V. ANDERSON ASSOCIATES LTD., RIDESHARK CORPORATION, ROBINSON CONSULTANTS INC., STANTEC CONSULTING LTD., TRUE NORTH SAFETY GROUP, WSP CANADA INC.",1,1,300000.0,0.0,5e-05,0.98488,0.0
B AND N TRANSMISSION,1,1,300000.0,0.0,5e-05,0.98493,0.0
PRICE WATERHOUSE COOPER LLP,3,3,299621.59,43395.0,5e-05,0.98498,0.1448
JANET LEBLANC + ASSOCIATES,3,4,299004.0,0.0,5e-05,0.98503,0.0
JOHN G COOKE AND ASSOCIATES LTD,5,6,296848.6,0.0,5e-05,0.98508,0.0
ONTARIO BOLLARDS INC,1,1,296699.0,296699.0,5e-05,0.98513,1.0
RYBARK SOLUTIONS INC.,1,1,293377.09,0.0,5e-05,0.98518,0.0
CENTRALSQUARE CANADA SOFTWARE INC,1,4,293201.64,293201.64,5e-05,0.98523,1.0
"TOP GRAPHICS DESIGN INC,FIVE STAR ENTERPRISES OF CANADA LTD",1,1,290984.4,0.0,5e-05,0.98528,0.0
ODGERS BERNDTSON CANADA INC.,5,5,290864.5,0.0,5e-05,0.98533,0.0
JOHNSONS ENVIRONMENTAL PRODUCTS INC,1,2,290000.0,0.0,5e-05,0.98538,0.0
CANADIAN FEDERAL CORP (7956363 CANADA INC),3,3,289879.0,289879.0,5e-05,0.98543,1.0
"MYERS-ORLEANS CHEV-BUICK-GMC,SURGENOR CHEVROLET BUICK GMC & CADILLAC OTTAWA",1,1,289082.1,0.0,5e-05,0.98548,0.0
MULTILEK 1991 INC,2,3,288500.0,288500.0,5e-05,0.98553,1.0
HENRY SCHEIN CANADA INC,1,1,288057.0,0.0,5e-05,0.98558,0.0
HORIZANT INC,2,2,287776.0,287776.0,5e-05,0.98563,1.0
BRYAN'S APPLIANCE RECYCLING PLANT,1,1,287473.0,287473.0,5e-05,0.98568,1.0
BROWN'S CLEANERS AND TAILOR LTD,3,3,283575.75,0.0,5e-05,0.98573,0.0
ACQUIA INC,1,2,283440.15,283440.15,5e-05,0.98578,1.0
"MYERS CHEV OLDS CADILLAC INC.,NEW FLYER INDUSTRIES,KENWORTH ONTARIO,CITY VIEW BUS SALES & SERVICE LTD.,PREVOST CAR INC,RUSH TRUCK CENTRE OF CANADA LIMITED,JIM KEAY,EASTWAY COLLISION,DONNELLY FLEET AND",1,1,283333.0,0.0,5e-05,0.98583,0.0
SOLIDCAD SOLUTIONS,1,1,283193.4,0.0,5e-05,0.98588,0.0
"J W BASTIAN CONTRACTING INC, WRIGHT TREE SERVICE(2672615 ONTARIO INC),MAXIMUM RENOVATION ETC",1,1,280118.37,0.0,5e-05,0.98593,0.0
NOVAQUIP LIFTING SYSTEMS INC,2,2,280040.07,280040.07,5e-05,0.98598,1.0
MUSCO SPORTS LIGHTING CA CO,1,1,280000.0,280000.0,5e-05,0.98603,1.0
CANADA'S BIG TRUCK RENTAL (0962667 BC LTD),1,2,280000.0,280000.0,5e-05,0.98608,1.0
TURF CARE PRODUCTS CANADA LTD,4,4,279941.28,0.0,5e-05,0.98613,0.0
TENAQUIP LIMITED,3,3,277075.48,0.0,5e-05,0.98618,0.0
WILLIAMS SCOTSMAN OF CANADA B9326,2,2,276116.59,0.0,5e-05,0.98623,0.0
DANWILL CONTRACTING,5,5,272672.24,0.0,5e-05,0.98628,0.0
MISSION SYSTEMS,1,3,272638.0,272638.0,5e-05,0.98633,1.0
GOLDER ASSOCIATES LTD,1,1,271869.8,0.0,5e-05,0.98638,0.0
"B AND T MACFARLANE OTTAWA LTD,COLVOY ENTERPRISES 2012 LTD",1,1,271403.41,0.0,5e-05,0.98643,0.0
Various,1,1,270833.0,0.0,5e-05,0.98648,0.0
LINKEDIN IRELAND UNLIMITED COMPANY,1,1,268927.69,268927.69,5e-05,0.98653,1.0
MADDISON CONSTRUCTION LTD.,2,2,268714.0,0.0,5e-05,0.98658,0.0
URBANTYPOLOGY INC.,3,3,268606.38,0.0,4e-05,0.98662,0.0
CAPITAL CONTROLS & INSTRUMENTATION,2,2,268243.01,0.0,4e-05,0.98666,0.0
"COOPER HILL LANDSCAPING INC,JAKE'S LAWN CARE,MAXIMUM RENOVATION ETC,P MUNRO GROUP INC.",1,1,268086.17,0.0,4e-05,0.9867,0.0
CANCORE INDUSTRIES INC,1,1,267152.0,0.0,4e-05,0.98674,0.0
RETROFIT SOLUTIONS INC,3,3,266677.0,0.0,4e-05,0.98678,0.0
MERCER HUMAN RESOURCE CONSULTING,1,3,266347.0,0.0,4e-05,0.98682,0.0
PYE AND RICHARDS ARCHITECTS INC,1,1,265699.82,0.0,4e-05,0.98686,0.0
CBCL LIMITED,3,3,265246.1,0.0,4e-05,0.9869,0.0
WARNOCK EQUIPMENT SERVICES LTD,1,2,263502.67,0.0,4e-05,0.98694,0.0
"OTTAWA D SQUARED CONSTRUCTION LTD,A & B PAVING CORP,CONCORDIA PAVING (2013) LTD",1,1,262945.65,0.0,4e-05,0.98698,0.0
NEW FLYER INDUSTRIES CANADA ULC,1,1,262501.87,0.0,4e-05,0.98702,0.0
"FALCON SECURITY SERVICES, XTREME SECURITY INC., HYDRA SECURITY, ARMOUR SECURITY AND PROTECTION SERVICES, SECURITY GUARD GROUP LIMITED, S2 PROTECTIVE SERVICES, IRON HORSE SECURITY, PALADIN SECURITY GROUP LTD., SYNERGY PROTECTION GROUP INC., VALGUARD SECURITY INC., ALLIED UNIVERSAL SECURITY SERVICES OF CANADA, OTTAWA DIVISION THE COMMISSIONAIRES",1,1,262335.84,0.0,4e-05,0.98706,0.0
"HENRY SCHEIN CANADA, INC",1,1,262206.07,0.0,4e-05,0.9871,0.0
SEASONOVA GROUP INC,2,2,261600.0,261600.0,4e-05,0.98714,1.0
MISTER CHEMICAL LTD,1,1,260942.9,0.0,4e-05,0.98718,0.0
CUTBACK TERMINAL LTD,1,1,260788.0,0.0,4e-05,0.98722,0.0
"FLYNN CANADA LTD,GRIZZLIE GLASS,HONEY GLASS AND WINDOW LTD",1,1,260000.0,0.0,4e-05,0.98726,0.0
THE DOOR COMPANY,4,4,258236.3,0.0,4e-05,0.9873,0.0
AULT INDUSTRIES INC,2,2,258090.0,123090.0,4e-05,0.98734,0.4769
DBM SOLUTIONS INC,1,1,256500.0,0.0,4e-05,0.98738,0.0
CHRISTIE LITES SALES LTD,4,4,256335.0,171677.0,4e-05,0.98742,0.6697
TAILLEFER PLUMBING AND HEATING,3,3,256313.83,0.0,4e-05,0.98746,0.0
KASTER AND COMPANY,8,8,255022.08,0.0,4e-05,0.9875,0.0
SFI MEDICAL EQUIPMENT SOLUTIONS INC,1,1,253628.89,0.0,4e-05,0.98754,0.0
"GRAY SMITH DOUGLAS & CO, CUSTOMER SERVICE PROFESSIONAL NETWORK",1,1,251404.4,0.0,4e-05,0.98758,0.0
"PENINSULA CONSTRUCTION INC,HUGHSON FENCING GUIDERAIL (535276 ONTARIO INC)",1,1,250000.0,0.0,4e-05,0.98762,0.0
JAKE'S LAWN CARE,1,1,249823.85,0.0,4e-05,0.98766,0.0
GHD DIGITAL (CANADA) LIMITED,1,1,249273.0,0.0,4e-05,0.9877,0.0
ALTA PLANNING & DESIGN CANADA INC,2,2,248884.25,0.0,4e-05,0.98774,0.0
ADVANCEMENT RESOURCES COUNSEL INC.,1,1,248750.0,0.0,4e-05,0.98778,0.0
POWERPLAN CANADA ULC,1,2,245491.48,245491.48,4e-05,0.98782,1.0
COOPER HILL LANDSCAPING INC,1,1,244700.0,0.0,4e-05,0.98786,0.0
WATER AND ICE NORTH AMERICA INC.,3,3,244332.0,186832.0,4e-05,0.9879,0.7647
ZIYUTEC INC.,2,2,243840.0,0.0,4e-05,0.98794,0.0
ALTEC INDUSTRIES LTD,2,2,242750.0,242750.0,4e-05,0.98798,1.0
AGILENT TECHNOLOGIES CANADA INC,3,3,242473.75,104809.68,4e-05,0.98802,0.4323
RESCUE CANADA RESOURCE GRO,1,1,242219.2,0.0,4e-05,0.98806,0.0
EPOKE NORTH AMERICA INC,1,1,241780.0,0.0,4e-05,0.9881,0.0
TRANE CANADA ULC T42324C,3,3,241534.3,193186.78,4e-05,0.98814,0.7998
FRONTLINE MACHINERY LTD,1,1,240091.97,240091.97,4e-05,0.98818,1.0
"SIGNS.CA VISUAL COMMUNICATION,STUDIO SIGNS",1,1,240000.0,0.0,4e-05,0.98822,0.0
GREEN INFRASTRUCTURE PARTNERS INC,1,1,238195.1,0.0,4e-05,0.98826,0.0
RDC GROUP,2,2,236035.66,0.0,4e-05,0.9883,0.0
MILLBROOK TACTICAL INC,1,1,235467.5,235467.5,4e-05,0.98834,1.0
"ALLIANCE TOWING (1948256 ONTARIO INC),GERVAIS MOTORS LIMITED,ABRAMS TOWING (1512081 ONTARIO LTD),ETS EXPRESS TOWING SERVICE CORP,CANADIAN TOWING (2695885 ONTARIO",1,1,235000.0,0.0,4e-05,0.98838,0.0
"ALLIANCE TOWING (1948256 ONTARIO INC),GERVAIS MOTORS LIMITED,ABRAMS TOWING (1512081 ONTARIO LTD),ETS EXPRESS TOWING SERVICE CORP,CANADIAN TOWING (2695885 ONTARIO INC),MAYDAY TOWING (9376-6491 QUEBEC INC),SCRAP MY CAR INC (9755373 CANADA INC)",1,1,235000.0,0.0,4e-05,0.98842,0.0
DBA TRANSIT (9280-0366 QUEBEC INC.),1,1,233794.0,233794.0,4e-05,0.98846,1.0
ATHLETICA SPORT SYSTEMS INC,1,1,233098.68,0.0,4e-05,0.9885,0.0
TLC EXTERIORS (10504408 CANADA INC ),1,1,230981.17,0.0,4e-05,0.98854,0.0
LINK UTILITY TECHNOLOGIES INC,2,3,230262.5,230262.5,4e-05,0.98858,1.0
FRECO FLUID POWER INC,1,1,227931.1,0.0,4e-05,0.98862,0.0
"ALTERNACARE INC,COMFORT KEEPERS,GEM HEALTH CARE,PARAMED HOME HEALTH CARE,SECOND FAMILY CARE,VHA HOME HEALTHCARE",1,1,227722.5,0.0,4e-05,0.98866,0.0
CONTEXT RESEARCH GROUP,1,2,227375.0,227375.0,4e-05,0.9887,1.0
CBM N A INC,1,2,225718.16,0.0,4e-05,0.98874,0.0
CATHCART MECHANICAL PERFORMANCE INC,4,4,225480.99,0.0,4e-05,0.98878,0.0
MORSE CANADA SYSTEMS INC,2,2,225168.55,225168.55,4e-05,0.98882,1.0
SEB ADMINISTRATIVE SERVICES INC,1,1,224825.3,0.0,4e-05,0.98886,0.0
SOLUTIONS SERAFIN INC,6,6,224480.0,0.0,4e-05,0.9889,0.0
DIRECT CONSTRUCTION COMPANY LIMITED,3,3,224121.5,0.0,4e-05,0.98894,0.0
BRITT CONSTRUCTION (1649330 ONTARIO INC),4,4,223511.71,0.0,4e-05,0.98898,0.0
DOTMAR FITNESS EQUIPMENT INC; FDF GROUP,1,1,223227.7,0.0,4e-05,0.98902,0.0
"MISTER CHEMICAL LTD,HAWTHORNE CLEANING SYSTEMS LTD,SWISH MAINTENANCE LIMITED",1,1,221580.0,0.0,4e-05,0.98906,0.0
CONSORTECH,2,3,220480.0,220480.0,4e-05,0.9891,1.0
BEDARD ELECTRIC INC,1,1,218350.0,0.0,4e-05,0.98914,0.0
CUES CANADA INC,3,3,217110.13,217110.13,4e-05,0.98918,1.0
FALCON SECURITY INC,1,1,215835.8,0.0,4e-05,0.98922,0.0
"PARACEL LABORATORIES LTD,ALS CANADA LTD",1,1,215559.2,0.0,4e-05,0.98926,0.0
HOGAN ROY & ASSOCIATES INC,2,2,215380.0,215380.0,4e-05,0.9893,1.0
TRUE NORTH SAFETY GROUP,3,3,214252.5,0.0,4e-05,0.98934,0.0
"MORRISON HERSHFIELD,STANTEC CONSULTING LTD",1,1,213587.33,0.0,4e-05,0.98938,0.0
SLR CONSULTING CANADA LTD,3,3,213457.27,0.0,4e-05,0.98942,0.0
JOHNSONS ENVIROPROD INC,5,5,212738.0,0.0,4e-05,0.98946,0.0
STANTEC GEOMATICS LTD,6,6,212383.1,0.0,4e-05,0.9895,0.0
CANADA TRAINING GROUP,2,2,212118.3,212118.3,4e-05,0.98954,1.0
CAPITAL BACKFLOW CORP,4,4,211291.85,0.0,4e-05,0.98958,0.0
GODFREY ROOFING INC,2,2,210060.7,0.0,4e-05,0.98962,0.0
ELITE ENVIRONMENTAL GROUP,1,1,208200.3,0.0,3e-05,0.98965,0.0
COURVAL SCHEDULING INC,2,3,208142.0,208142.0,3e-05,0.98968,1.0
CANADA DIVISION CARBON ACTIVATED,1,1,208088.0,0.0,3e-05,0.98971,0.0
ALDEA ENGINEERING AND CONSULTING LT,1,1,208037.5,208037.5,3e-05,0.98974,1.0
REMCON CORPORATION,2,3,208000.0,208000.0,3e-05,0.98977,1.0
"DSS PROTECTION,MAPLE LEAF ROPES",1,1,206338.0,0.0,3e-05,0.9898,0.0
INFODEV INC,1,3,205762.0,205762.0,3e-05,0.98983,1.0
DIRECTRIK INC,5,5,205289.53,205289.53,3e-05,0.98986,1.0
"GEO W DRUMMOND LTD,GERRY CREPIN CARTAGE LTD",1,1,205135.0,0.0,3e-05,0.98989,0.0
UBA INC.,1,3,204873.07,0.0,3e-05,0.98992,0.0
WSG AND SOLUTIONS INC,3,3,203314.23,203314.23,3e-05,0.98995,1.0
RECTEC MANAGEMENT GROUP INC,1,1,201351.7,201351.7,3e-05,0.98998,1.0
COMPLIANCE365 INC,1,1,200000.0,0.0,3e-05,0.99001,0.0
"ACKLANDS GRAINGER INC,OTTAWA FASTENER SUPPLY LTD,PRESTON HARDWARE LIMITED,HOME HARDWARE STORES LIMITED,HOME DEPOT",1,1,200000.0,0.0,3e-05,0.99004,0.0
"INVESTIGATIVE SOLUTIONS NETWORK INC,SUSAN HENDERSHOT",1,1,200000.0,0.0,3e-05,0.99007,0.0
911 SUPPLY ADVENTURE GEAR CANADA,2,2,199386.19,0.0,3e-05,0.9901,0.0
FLOWERPOINT ENVIRONMENTAL SYSTEMS,1,1,198290.09,198290.09,3e-05,0.99013,1.0
XYLEM,3,3,197795.51,32627.0,3e-05,0.99016,0.165
SGS LAKEFIELD RESEARCH LTD,1,1,197790.0,0.0,3e-05,0.99019,0.0
AQUATIC INFORMATICS ULC,3,3,196842.0,165107.0,3e-05,0.99022,0.8388
KDS PROFESSIONAL CONSULTING,1,1,196198.24,0.0,3e-05,0.99025,0.0
SNETSINGER CONSULTANTS LTD,4,4,194727.5,0.0,3e-05,0.99028,0.0
SIEMENS CANADA LTD,1,1,194090.0,194090.0,3e-05,0.99031,1.0
SIGNS.CA (1230372 ONTARIO INC),3,3,194035.0,194035.0,3e-05,0.99034,1.0
DAVE WRIGHT EXCAVATING LTD,3,3,194011.55,0.0,3e-05,0.99037,0.0
"BYTOWN LOCK INC,CANADIAN LOCK & SUPPLY LTD,CITY LOCKSMITH LOCK & KEY SERVICE I,NEPEAN KANATA LOCK AND DOOR SERVICE",1,1,193826.25,0.0,3e-05,0.9904,0.0
EQUIPEMENTS HALT INC,3,3,193741.65,0.0,3e-05,0.99043,0.0
URBAN TACTICAL LTD,1,1,193228.22,0.0,3e-05,0.99046,0.0
URBANTYPOLOGY INC,3,3,192777.1,0.0,3e-05,0.99049,0.0
E-SAFE PEST CONTROL INC,1,1,192512.0,0.0,3e-05,0.99052,0.0
TUV RHEINLAND CANADA INC.,1,1,192290.0,0.0,3e-05,0.99055,0.0
"JAKE'S LAWN CARE,AL'S FENCING INC,B G GORHAM CONSTRUCTION,PRODIGY PROPERTY MAINTENANCE INC",1,1,191264.25,0.0,3e-05,0.99058,0.0
NIEWE CONSULTING LTD,4,4,190540.0,0.0,3e-05,0.99061,0.0
O D S MARINE,2,3,190136.17,0.0,3e-05,0.99064,0.0
M CON PRODUCTS INC,1,1,189000.0,0.0,3e-05,0.99067,0.0
MITEL NETWORKS CORPORATION,1,1,188737.99,188737.99,3e-05,0.9907,1.0
"MAURICE DESCHAMBAULT,RW TOMLINSON LTD",1,1,188660.0,0.0,3e-05,0.99073,0.0
ROBERT GOURLAY CARTAGE,2,2,187900.0,0.0,3e-05,0.99076,0.0
"IN DEPTH CONTRACTING,LDC PRECISION CONCRETE INC,P MUNRO GROUP INC.",1,1,187500.0,0.0,3e-05,0.99079,0.0
TERLIN CONSTRUCTION LTD,1,1,185000.0,0.0,3e-05,0.99082,0.0
TLC LANDSCAPING,1,1,184825.01,0.0,3e-05,0.99085,0.0
IMAGE MASONRY LTD O/A,1,1,184800.0,0.0,3e-05,0.99088,0.0
PROTHERM MECHANICAL CONTRACTING INC,3,3,184390.0,0.0,3e-05,0.99091,0.0
TROY ONTOR INC,3,3,184311.75,184311.75,3e-05,0.99094,1.0
RYSE SOLUTIONS ONTARIO INC,1,2,183880.0,183880.0,3e-05,0.99097,1.0
USD GLOBAL,1,1,183569.86,0.0,3e-05,0.991,0.0
ECO COUNTER INC,2,2,183079.77,183079.77,3e-05,0.99103,1.0
TRIPLE J CONTRACTING INC,1,1,182612.8,0.0,3e-05,0.99106,0.0
KSB PUMPS INC,2,2,182529.12,182529.12,3e-05,0.99109,1.0
DC GROUP CANADA INC,1,1,182348.11,0.0,3e-05,0.99112,0.0
QMR STAFFING SOLUTIONS INC,5,5,182298.66,0.0,3e-05,0.99115,0.0
MICHAEL WILLISON,1,1,182000.0,182000.0,3e-05,0.99118,1.0
HYDRATEK AND ASSOCIATES,2,2,181491.2,42506.2,3e-05,0.99121,0.2342
SWISH MAINTENANCE LIMITED,1,1,180609.0,0.0,3e-05,0.99124,0.0
MASTER REFRIGERATION,2,2,180380.57,150000.0,3e-05,0.99127,0.8316
"TENAQUIP LIMITED,LEVITT SAFETY LIMITED",1,1,180313.6,0.0,3e-05,0.9913,0.0
LAURIER OPTICAL,1,1,178151.73,0.0,3e-05,0.99133,0.0
PRECISE FIRE PROTECTION,1,1,177975.0,0.0,3e-05,0.99136,0.0
READ JONES CHRISTOFFERSEN LTD,4,4,177168.0,0.0,3e-05,0.99139,0.0
HOFFMANN HAYES,2,2,176910.0,176910.0,3e-05,0.99142,1.0
BOULANGER INDUSTRIAL GROUP,1,1,176845.32,176845.32,3e-05,0.99145,1.0
NEWFOUND RECRUITING CORPORATION,1,1,175702.01,0.0,3e-05,0.99148,0.0
KLEENOIL FILTRATION CANADA LTD,1,1,174904.25,174904.25,3e-05,0.99151,1.0
SINCLAIR DENTAL CO LTD,1,1,174867.0,0.0,3e-05,0.99154,0.0
CITY PAVING & INTERLOCK INC,1,1,174587.29,0.0,3e-05,0.99157,0.0
IBI GROUP PROFESSIONAL SERVICES,3,3,174520.52,0.0,3e-05,0.9916,0.0
TIREE FACILITY SOLUTIONS INC,2,2,173338.35,0.0,3e-05,0.99163,0.0
MOBYCON CORP,2,2,171780.0,0.0,3e-05,0.99166,0.0
CLELAND JARDINE ENG LTD,3,3,171622.0,0.0,3e-05,0.99169,0.0
LML PAYSAGISTE ET FRERES INC,1,1,170500.0,170500.0,3e-05,0.99172,1.0
"DAVE VAN ZYL SNOWPLOWING (1202840 ONT INC),WILLARD HAYES,GOLDIE MOHR LTD,KURTIS ARMSTRONG CONTRACTING INC",1,1,170442.02,0.0,3e-05,0.99175,0.0
MILLERS TRUCKING AND EXCAVATION LTD,3,3,170425.0,0.0,3e-05,0.99178,0.0
EATON INDUSTRIES (CANADA) COMPANY,1,2,170303.38,170303.38,3e-05,0.99181,1.0
INFOSYS PUBLIC SERVICES CANADA INC,1,1,169895.0,0.0,3e-05,0.99184,0.0
SHAVER BUSINESS PRODUCTS,5,5,169088.0,0.0,3e-05,0.99187,0.0
BROOKE RESTORATION LTD,1,1,168427.66,0.0,3e-05,0.9919,0.0
AMRIZE CANADA INC,2,2,168102.0,0.0,3e-05,0.99193,0.0
LEMAY MICHAUD ARCHITECTURE DESIGN INC,1,1,167991.6,0.0,3e-05,0.99196,0.0
INVESTIGATIVE SOLUTIONS NETWORK INC,4,4,166555.0,0.0,3e-05,0.99199,0.0
STINSON ITS INC,3,3,165511.0,165511.0,3e-05,0.99202,1.0
REGION OF WATERLOO,1,1,165000.0,165000.0,3e-05,0.99205,1.0
MANOTICK PUMPING SERVICE,3,3,164742.59,0.0,3e-05,0.99208,0.0
ROGERS CABLE TV,1,1,163729.44,0.0,3e-05,0.99211,0.0
O'REILLY BROTHERS LIMITED,1,1,162717.6,0.0,3e-05,0.99214,0.0
UNIVERSITY PAINTERS,1,1,162554.9,0.0,3e-05,0.99217,0.0
CANSEL SURVEY EQUIPMENT INC,3,3,162248.8,162248.8,3e-05,0.9922,1.0
ONTARIO RECREATION FACILITIES,1,1,160600.0,160600.0,3e-05,0.99223,1.0
KIJE SIPI LTD,2,2,160441.2,26501.2,3e-05,0.99226,0.1652
KOMUTEL INC,1,1,160000.0,160000.0,3e-05,0.99229,1.0
"DOULOS CONSTRUCTION LTD,S W FARRELL AND SONS 1979 LTD",2,2,160000.0,0.0,3e-05,0.99232,0.0
"PRODIGY PROPERTY MAINTENANCE INC,GREEN WORKS CONTRACTING INC",1,1,159257.23,0.0,3e-05,0.99235,0.0
LIFESAVING SOCIETY ONTARIO BRANCH,2,2,158000.0,158000.0,3e-05,0.99238,1.0
JUPITER ENERGY ADVISORS INC,2,2,156830.48,0.0,3e-05,0.99241,0.0
TRICO PACKAGING & PRINT SOLUTIONS,1,1,156483.63,0.0,3e-05,0.99244,0.0
EVB ENGINEERING (10097047 CANADA INC),1,1,156307.8,0.0,3e-05,0.99247,0.0
BAXTEC MECHANICAL SERVICE,2,2,156045.06,0.0,3e-05,0.9925,0.0
DAY?VIEW ELECTRIC INC,3,3,155770.32,0.0,3e-05,0.99253,0.0
SCRAP MY CAR INC. (9755373 CANADA INC),1,1,155470.5,0.0,3e-05,0.99256,0.0
COMPUTER ROOM SERVICES,1,1,154948.0,154948.0,3e-05,0.99259,1.0
"4 SEASON TAILORING & DRY CLEANING,BROWNS CLEANERS,KIM TAILORS,STITCH IT,M GOOD CUSTOM TAILOR",1,1,154574.37,0.0,3e-05,0.99262,0.0
FIRE ALERT MOBILE EXTINGUISHERS,1,1,154572.71,0.0,3e-05,0.99265,0.0
DENNERY RESOURES INC (3492125 CANADA INC),3,4,154464.6,118954.6,3e-05,0.99268,0.7701
AQUAFOR BEECH LTD,2,2,154010.45,0.0,3e-05,0.99271,0.0
CANADIAN NATIONAL RAILWAY CO,1,1,153730.5,153730.5,3e-05,0.99274,1.0
LAPOINTE DRAINAGE LTD,2,3,152935.0,0.0,3e-05,0.99277,0.0
ORBIS CANADA LTD,1,1,152879.58,0.0,3e-05,0.9928,0.0
SITEIMPROVE INC.,2,2,152382.36,114000.0,3e-05,0.99283,0.7481
UCC INDUSTRIES INTERNATIONAL,1,1,152319.4,0.0,3e-05,0.99286,0.0
FIRST BASE SOLUTIONS INC,1,1,151410.05,0.0,3e-05,0.99289,0.0
ECONOLITE CANADA INC,1,1,151339.0,151339.0,3e-05,0.99292,1.0
POLANE EXCAVATION,1,1,151000.0,0.0,3e-05,0.99295,0.0
"ASL AGRODRAIN LIMITED,KURTIS ARMSTRONG CONTRACTING INC,POLANE EXCAVATION,RW TOMLINSON LTD,REMI PERRON,STRATHMAR TRENCHING LTD,W H MACSWEYN INC",1,1,150794.17,0.0,3e-05,0.99298,0.0
DIRECT IMPACT SOLUTIONS INC,2,2,150750.0,150750.0,3e-05,0.99301,1.0
"LIONBRIDGE LTD, MCIS LANGUAGE SOLUTIONS",1,1,150000.0,0.0,3e-05,0.99304,0.0
FRED TROTTIER CONSTRUCTION LTD,1,1,150000.0,0.0,3e-05,0.99307,0.0
IRVINE INTERPRETATION INC.,1,1,150000.0,0.0,3e-05,0.9931,0.0
INFRASTRUCTURE HEALTH,1,1,150000.0,0.0,3e-05,0.99313,0.0
NAD CONSULTING,2,3,149750.0,149750.0,3e-05,0.99316,1.0
CONNECTIS GROUP,1,1,148766.3,0.0,2e-05,0.99318,0.0
BTY CONSULTANCY GROUP INC,1,1,148500.0,148500.0,2e-05,0.9932,1.0
NORTHERN BULK LOGISTICS,1,2,148428.21,0.0,2e-05,0.99322,0.0
"LUMEN,WESCO DISTRIBUTION CANADA INC",1,1,148356.75,0.0,2e-05,0.99324,0.0
INNU SCIENCE CANADA INC,1,1,148201.83,0.0,2e-05,0.99326,0.0
MEGS,2,2,147673.86,0.0,2e-05,0.99328,0.0
ENTRO COMMUNICATIONS INC,3,3,147590.0,147590.0,2e-05,0.9933,1.0
BASSI CONSTRUCTION LP,1,1,147186.97,0.0,2e-05,0.99332,0.0
DYMO RAM,1,1,146025.0,0.0,2e-05,0.99334,0.0
"ROBERT GOURLAY CARTAGE,KURTIS ARMSTRONG CONTRACTING INC",1,1,145490.0,0.0,2e-05,0.99336,0.0
OPTIV CANADA INC,1,1,145488.7,0.0,2e-05,0.99338,0.0
ICON OFFICER ENVIRONMENTS,1,1,145450.0,0.0,2e-05,0.9934,0.0
BIBLIOCOMMONS CORP,1,1,145382.91,145382.91,2e-05,0.99342,1.0
ATKINSON SCHROETER DESIGN GROUP INC,2,2,144774.66,0.0,2e-05,0.99344,0.0
A.M.B. LIFT INC.,3,3,144290.44,0.0,2e-05,0.99346,0.0
HILL + KNOWLTON STRATEGIES,3,3,143687.5,0.0,2e-05,0.99348,0.0
ACART COMMUNICATIONS INC,1,1,143540.0,0.0,2e-05,0.9935,0.0
TARPOMATIC INC,1,1,143402.0,0.0,2e-05,0.99352,0.0
ACTION CAR AND TRUCK ACCESSORIES,4,4,143049.06,0.0,2e-05,0.99354,0.0
ALAIN DEVEAU,2,3,142760.0,142760.0,2e-05,0.99356,1.0
O/A PARAVEL CONSTRUCTION (2666861 ONTARIO LTD),1,1,142450.0,0.0,2e-05,0.99358,0.0
MOMENTUM TRANSPORT CONSULTANCY INC,2,2,142240.0,142240.0,2e-05,0.9936,1.0
ATKINSREALIS CANADA INC,2,2,142215.87,0.0,2e-05,0.99362,0.0
NEDCO,2,2,141630.4,0.0,2e-05,0.99364,0.0
LRL ASSOCIATES LTD,2,2,141614.5,0.0,2e-05,0.99366,0.0
?OPTIMUS SBR INC..,1,1,141410.0,0.0,2e-05,0.99368,0.0
PREMIUM CONSTRUCTION (2449214 ONTARIO INC),2,2,140900.25,0.0,2e-05,0.9937,0.0
HEARTWOOD HOUSE,1,2,140734.99,0.0,2e-05,0.99372,0.0
NEWPRINT,2,2,140636.25,0.0,2e-05,0.99374,0.0
GILMORE REPRODUCTIONS,2,2,140391.0,0.0,2e-05,0.99376,0.0
INTERLANGUES ECOLE DE LANGUES,1,1,139995.0,0.0,2e-05,0.99378,0.0
INFINITY CONVENTION CENTER,3,3,139854.68,139854.68,2e-05,0.9938,1.0
ALLAN FYFE EQUIPMENT LTD,1,1,138400.0,138400.0,2e-05,0.99382,1.0
"J W BASTIAN CONTRACTING INC,VS LANDSCAPE GROUP",1,1,137971.16,0.0,2e-05,0.99384,0.0
HART LAUNDRY SERVICES INC,1,1,137713.42,0.0,2e-05,0.99386,0.0
"ACQUIRE TECHNOLOGY SOLUTIONS CANADA,ACQUIRE TECHNOLOGY SOLUTIONS PTY LT",1,1,136572.4,136572.4,2e-05,0.99388,1.0
TRACTION OTTAWA (A DIVISION OF UAP),1,1,136251.53,0.0,2e-05,0.9939,0.0
CURRENT SYSTEMS SERVICE,2,2,136048.31,0.0,2e-05,0.99392,0.0
CM3 ENVIRONMENTAL INC,2,2,136033.2,0.0,2e-05,0.99394,0.0
PRECISELY SOFTWARE INCORPORATED,2,2,135906.99,135906.99,2e-05,0.99396,1.0
"TRIANGLE PUMP SERVICE LTD,BGIS ENERGY & FACILITY SOLUTIONS",1,2,135714.75,0.0,2e-05,0.99398,0.0
TRANSIT SENTINEL,2,2,135502.0,135502.0,2e-05,0.994,1.0
GLENCOR ENGINEERING LTD,1,3,135000.0,0.0,2e-05,0.99402,0.0
ATLAS COPCO COMPRESSORS CANADA,1,1,133086.0,133086.0,2e-05,0.99404,1.0
RICK GRAHAM,2,2,132440.0,132440.0,2e-05,0.99406,1.0
CANADA PAVING & CONSTRUCTION (1998) LTD,1,1,131670.0,0.0,2e-05,0.99408,0.0
STRAT?OLOGY CONSULTING INC,2,2,131500.0,131500.0,2e-05,0.9941,1.0
ADVANCE PROPERTY EXPOSURE,1,1,131010.0,131010.0,2e-05,0.99412,1.0
S&G STRATEGIE INC.,1,1,131000.0,131000.0,2e-05,0.99414,1.0
HANSCOMB LIMITED,3,3,130843.97,0.0,2e-05,0.99416,0.0
"B G GORHAM CONSTRUCTION,P MUNRO GROUP INC.",1,1,130410.0,0.0,2e-05,0.99418,0.0
IDEA INC.,2,2,130083.37,0.0,2e-05,0.9942,0.0
ECOPIA TECH CORPORATION,1,1,130000.0,130000.0,2e-05,0.99422,1.0
BLASTEK ENGINEERING GROUP,1,1,129982.75,0.0,2e-05,0.99424,0.0
SITECH EASTERN CANADA LTD,1,1,129978.36,0.0,2e-05,0.99426,0.0
WESTON MODULAR INDUSTRIES LTD,1,1,129841.1,129841.1,2e-05,0.99428,1.0
SHI CANADA ULC,2,2,129578.12,0.0,2e-05,0.9943,0.0
UNIRMI S R O,1,1,129196.0,129196.0,2e-05,0.99432,1.0
QUIRC INC,1,2,128421.6,128421.6,2e-05,0.99434,1.0
GIN COR INDUSTRIES INC,2,2,128365.0,73005.0,2e-05,0.99436,0.5687
ANDRE TAILLEFER LTD,1,1,126350.0,0.0,2e-05,0.99438,0.0
"COOPER HILL LANDSCAPING INC,JAKE'S LAWN CARE,HEDGE KING INC,TMK TREE AND HEDGES INC,PREBBEL ENTERPRISES INC,DAVEY TREE EXPERT CO OF CANADA LTD,GREEN WORKS CONTRACTING INC,WEST END HEDGES",1,1,125366.01,0.0,2e-05,0.9944,0.0
IBM CANADA LIMITED,1,1,125250.0,125250.0,2e-05,0.99442,1.0
R.E.A.L.IT(9435?6714 QUEBEC INC),1,1,125034.39,0.0,2e-05,0.99444,0.0
"LIONBRIDGE LTD,IRVINE INTERPRETATION INC.",1,1,125000.0,0.0,2e-05,0.99446,0.0
VALENCIA IIP ADVISORS LTD,1,1,124970.0,124970.0,2e-05,0.99448,1.0
"GOLDIE MOHR LTD,KURTIS ARMSTRONG CONTRACTING INC, DAVE VAN ZYL SNOWPLOWING (1202840 ONT INC)",1,1,124250.0,0.0,2e-05,0.9945,0.0
HISTORIC PLASTER CONSERVATION SERVI,2,2,124000.0,0.0,2e-05,0.99452,0.0
MOORE CANADA CORP,2,2,123624.0,123624.0,2e-05,0.99454,1.0
CANADIAN URBAN,3,3,122750.0,122750.0,2e-05,0.99456,1.0
SYSTRA CANADA INC,1,1,121390.0,0.0,2e-05,0.99458,0.0
"JWK UTILITIES AND SITE SERVICES LTD,BORDER CONTROL BIRD DOGS INC",1,1,120723.0,0.0,2e-05,0.9946,0.0
THE PLANNING PARTNERSHIP LTD,1,1,120711.5,0.0,2e-05,0.99462,0.0
PRE LABS INC.,1,1,120390.0,0.0,2e-05,0.99464,0.0
HERITAGE WILDLIFE,2,2,120000.0,120000.0,2e-05,0.99466,1.0
ROSALINE J HILL ARCHITECT INC.,1,1,119612.5,0.0,2e-05,0.99468,0.0
FULL SERVICE SUPPLY,1,1,119500.0,119500.0,2e-05,0.9947,1.0
MANOR PARK MANAGEMENT INC,1,1,118350.0,118350.0,2e-05,0.99472,1.0
K WILSON ELECTRIC INC,1,1,118178.5,0.0,2e-05,0.99474,0.0
URBAN ZEN CONSTRUCTION,2,2,117817.0,0.0,2e-05,0.99476,0.0
DBA CANADA'S BIG TRUCK RENTAL (0962667 BC LTD ),1,1,117600.0,117600.0,2e-05,0.99478,1.0
SPD SALES LIMITED,3,3,117270.35,117270.35,2e-05,0.9948,1.0
GM BLUEPLAN ENGINEERING LIMITED,1,1,117162.0,0.0,2e-05,0.99482,0.0
DUTCHMASTER NURSERIES LTD,2,3,116513.53,0.0,2e-05,0.99484,0.0
"WATERHOUSE EXECUTIVE SEARCH,THE GROUP FOR ORGANIZATIONAL,LEE HECHT HARRISON KNIGHTSBRIDGE CO,ODGERS BERNDTSON CANADA INC.,LYNDA NAVEDA CONSULTING LTD,BOYDEN ONTARIO INC",1,1,116000.0,0.0,2e-05,0.99486,0.0
CRTPS INC,3,3,115699.8,0.0,2e-05,0.99488,0.0
INNOVATIVE ENVIRONMENTAL,2,2,115500.0,0.0,2e-05,0.9949,0.0
CANSEL SURVEY EQUIPMENT,2,2,115390.6,115390.6,2e-05,0.99492,1.0
XEROX CANADA LTD,1,1,115117.8,0.0,2e-05,0.99494,0.0
GELEYNSE EARTHWORKS,1,1,113990.05,0.0,2e-05,0.99496,0.0
PROSEAL ASPHALT,2,2,113750.0,0.0,2e-05,0.99498,0.0
"ALLAN MCCOY CONTRACTING INC,P MUNRO GROUP INC.,JARA SWEVICES (1786137 ONTARIO INC)",1,1,113694.57,0.0,2e-05,0.995,0.0
CLEANCRETE CUTTING (9395504 CANADA LTD.),1,1,113590.0,113590.0,2e-05,0.99502,1.0
ACKLANDS?GRAINGER INC,1,1,113033.61,0.0,2e-05,0.99504,0.0
PARAVEL CONSTRUCTION (2666861 ONTARIO LTD),2,2,112700.0,0.0,2e-05,0.99506,0.0
VISIONTEC 2008 LTD,1,1,112216.0,112216.0,2e-05,0.99508,1.0
"M & L SUPPLY, FIRE & SAFETY (3635112 CANADA INC)",2,2,111402.74,46542.74,2e-05,0.9951,0.4178
AMTRUCK LIMITED,1,1,111000.0,0.0,2e-05,0.99512,0.0
ONIX,1,1,110637.43,0.0,2e-05,0.99514,0.0
CDW CANADA CORP,1,1,110500.0,0.0,2e-05,0.99516,0.0
ONIX NETWORKING CANADA INC,1,1,110400.0,0.0,2e-05,0.99518,0.0
ROGERS WIRELESS INC,1,2,110400.0,110400.0,2e-05,0.9952,1.0
CULTURAL INTERPRETATION SERVICES? CISOC,1,1,110293.17,0.0,2e-05,0.99522,0.0
REGIONAL CRANE RENTALS,1,1,109467.21,0.0,2e-05,0.99524,0.0
CUBEX LTD,1,1,108317.18,108317.18,2e-05,0.99526,1.0
MEDISYSTEM PHARMACY,1,1,107812.86,107812.86,2e-05,0.99528,1.0
AEC SOLUTIONS INC,1,1,107690.0,0.0,2e-05,0.9953,0.0
EXPLOTECH ENGINEERING LTD,1,1,107616.0,0.0,2e-05,0.99532,0.0
BENTLEY CANADA,1,1,107343.48,107343.48,2e-05,0.99534,1.0
SYNERGY DATA CENTERS,1,1,107045.7,0.0,2e-05,0.99536,0.0
HANCO HOLDINGS INC,1,1,107000.0,0.0,2e-05,0.99538,0.0
TBL DURABLES LTD,1,1,106170.86,106170.86,2e-05,0.9954,1.0
"POLANE EXCAVATION,GERRY CREPIN CARTAGE LTD",1,1,106000.0,0.0,2e-05,0.99542,0.0
"POLANE EXCAVATION, MALWOOD (9135545 CANADA INC)",1,1,105572.0,0.0,2e-05,0.99544,0.0
WE CAN CONTRACTING INC.,1,1,105257.5,0.0,2e-05,0.99546,0.0
ADJELEIAN ALLEN RUBELI LTD,2,2,105026.2,0.0,2e-05,0.99548,0.0
TNT JUSTICE CONSULTANTS,1,1,105000.0,0.0,2e-05,0.9955,0.0
EKOS RESEARCH ASSOCIATES INC,3,3,103672.0,0.0,2e-05,0.99552,0.0
SOLOTECH,1,1,103381.54,103381.54,2e-05,0.99554,1.0
1000 ISLANDS MECHANICAL LTD,1,1,103254.8,0.0,2e-05,0.99556,0.0
POTENCIA TECHNOLOGIES INC,4,4,103169.47,25105.39,2e-05,0.99558,0.2433
STAR LIFE FIRE AND SAFETY INC,1,3,102920.6,0.0,2e-05,0.9956,0.0
"SPROUT SOCIAL, INC.",1,1,102824.3,102824.3,2e-05,0.99562,1.0
SYNTEC PROCESS EQUIPMENT,2,2,102575.0,102575.0,2e-05,0.99564,1.0
KENTAIN PRODUCTS LTD,3,3,101800.0,101800.0,2e-05,0.99566,1.0
LABWARE CANADA CORP,1,1,101478.0,101478.0,2e-05,0.99568,1.0
CPS HR CONSULTING,1,1,101248.5,0.0,2e-05,0.9957,0.0
YOUNG CARPETS INC,3,3,100683.0,0.0,2e-05,0.99572,0.0
OTTAWA LOGISTICS LTD.,1,1,100440.01,100440.01,2e-05,0.99574,1.0
"EASTERN WELDING,BLACK AND MCDONALD LTD,TAILLEFER PLUMBING AND HEATING",1,1,100000.0,0.0,2e-05,0.99576,0.0
OCCUPATIONAL SAFETY GROUP INC,1,1,100000.0,100000.0,2e-05,0.99578,1.0
CANNFORECAST LOGICIEL INC,1,1,100000.0,100000.0,2e-05,0.9958,1.0
LAND AND WILDLIFE AGENCY,1,2,100000.0,100000.0,2e-05,0.99582,1.0
"C C ENTERPRISE,OTTAWA MOVING LOGISTICS",2,2,100000.0,0.0,2e-05,0.99584,0.0
"EASTERN WELDING,NATIONAL CAPITAL CONTRACTING INC",1,1,100000.0,0.0,2e-05,0.99586,0.0
MICHELIN NORTH AMERICA CANADA INC,1,1,99995.0,99995.0,2e-05,0.99588,1.0
HELUX SYSTEMS INC.,1,1,99960.0,99960.0,2e-05,0.9959,1.0
RIGID WELDING INC,1,1,99930.0,0.0,2e-05,0.99592,0.0
KAREN LEMIEUX,1,1,99925.0,99925.0,2e-05,0.99594,1.0
UNIVERSITY OF OTTAWA,1,1,99900.0,99900.0,2e-05,0.99596,1.0
BRENNO'S WELDING SERVICE,1,1,99900.0,0.0,2e-05,0.99598,0.0
THE LOCAL EXHAUST & VENTILATION,1,1,99811.38,99811.38,2e-05,0.996,1.0
KILMARTIN CONSULTANTS LTD.,1,1,99750.0,99750.0,2e-05,0.99602,1.0
ORBIS RISK CONSULTING INC,1,1,99510.0,0.0,2e-05,0.99604,0.0
VERTEX ENVIRONMENTAL INC,1,1,99248.52,0.0,2e-05,0.99606,0.0
"AQUA DRAIN SEWER SERVICES INC,BADGER DAYLIGHTING LP,CLEAN WATER WORKS INC,HYDROCAM",1,1,99100.0,0.0,2e-05,0.99608,0.0
ANNIS O'SULLIVAN VOLLEBEKK LTD,2,2,99096.0,0.0,2e-05,0.9961,0.0
MFE INSPECTION SOLUTIONS CANADA,1,1,98700.0,0.0,2e-05,0.99612,0.0
LUCIDEA TECHNOLOGIES CORP,1,1,98670.0,0.0,2e-05,0.99614,0.0
MANAGING ENERGY INC,1,2,98616.0,98616.0,2e-05,0.99616,1.0
JEAN EL HAIBY,1,1,98400.0,98400.0,2e-05,0.99618,1.0
MVA POWER INC,1,1,98342.09,0.0,2e-05,0.9962,0.0
OUTDOOR OUTFITS LIMITED,1,1,98317.5,0.0,2e-05,0.99622,0.0
METERCOR INC,1,1,98285.6,0.0,2e-05,0.99624,0.0
THE LANDSDOWNE CONSULTING GROUP INC,2,2,98000.0,98000.0,2e-05,0.99626,1.0
HOLT RESTORATION LTD,1,1,97955.0,0.0,2e-05,0.99628,0.0
GTAs FINEST RESTORATION SERVICES OT,1,1,97900.0,0.0,2e-05,0.9963,0.0
NOBLE CORPORATION,3,3,97702.14,0.0,2e-05,0.99632,0.0
CIVICA INFRASTRUCTURE INC,1,1,97324.5,97324.5,2e-05,0.99634,1.0
SURGENOR HYUNDAI,2,2,97218.05,0.0,2e-05,0.99636,0.0
CONSTRUCTION DJL INC,1,1,97140.74,0.0,2e-05,0.99638,0.0
"MECHANICAL SOLUTIONS, INC",1,1,97065.05,97065.05,2e-05,0.9964,1.0
NATIONAL PROCESS EQUIPMENT,1,1,97050.0,97050.0,2e-05,0.99642,1.0
STOREIMAGE/EXPOZONE,1,1,96400.0,0.0,2e-05,0.99644,0.0
PATRON SOLUTIONS DBA PACIOLAN,1,1,96000.0,96000.0,2e-05,0.99646,1.0
RAPISCAN SYSTEMS INC.,1,1,95590.63,0.0,2e-05,0.99648,0.0
EDGE WATER DNA INC,2,2,95300.0,95300.0,2e-05,0.9965,1.0
"MAURICE DESCHAMBAULT,RW TOMLINSON LTD,ROBERT GOURLAY CARTAGE",1,1,95155.0,0.0,2e-05,0.99652,0.0
KIEWIT-DUFFERIN MIDTOWN PARTNERSHIP,1,1,95144.5,95144.5,2e-05,0.99654,1.0
MICUCCI CONTRACTING INC,1,1,94600.0,0.0,2e-05,0.99656,0.0
O/A BRITT CONSTRUCTION (1649330 ONTARIO INC),2,2,94172.5,0.0,2e-05,0.99658,0.0
"POLANE EXCAVATION,JOSH LASALLE CONSTRUCTION",1,1,93600.0,0.0,2e-05,0.9966,0.0
RE CLIMATE,1,1,92725.0,92725.0,2e-05,0.99662,1.0
LOWE MARTIN COMPANY INC,3,3,92683.0,0.0,2e-05,0.99664,0.0
CANADIAN LOCK & SUPPLY LTD,2,2,92578.86,0.0,2e-05,0.99666,0.0
DEFRAN INC MARBEL ENT,1,1,92222.0,0.0,2e-05,0.99668,0.0
OTTAWA EQUIPMENT AND HYDRAULIC INC,1,1,92000.0,92000.0,2e-05,0.9967,1.0
NOTRA INC,1,1,91899.5,91899.5,2e-05,0.99672,1.0
REMI PERRON,1,2,91740.0,0.0,2e-05,0.99674,0.0
DYNAMAT INC,1,1,91000.0,0.0,2e-05,0.99676,0.0
ADVANTAGE COCHRANE SPORT INC,1,1,90575.0,0.0,2e-05,0.99678,0.0
BIBLIOTHECA CANADA INC,1,1,90026.09,90026.09,2e-05,0.9968,1.0
"OTTAWA METRO TOWING AND RECOVERY IN,GERVAIS MOTORS LIMITED",2,2,90000.0,0.0,2e-05,0.99682,0.0
MAI JANITORIAL SERVICES LTD,1,2,89557.89,0.0,2e-05,0.99684,0.0
M&M INTERIOR CONTRACTING LTD.,1,1,89479.7,0.0,1e-05,0.99685,0.0
LAVEXCO INC,1,1,89372.5,0.0,1e-05,0.99686,0.0
"DAVE VAN ZYL SNOWPLOWING (1202840 ONT INC),WILLARD HAYES",1,1,89047.27,0.0,1e-05,0.99687,0.0
GRAITEC INC,2,2,88230.0,37190.0,1e-05,0.99688,0.4215
SCOOTER ROOTER,2,2,88151.24,0.0,1e-05,0.99689,0.0
DONALD SERVANT ELECTRIC LIMITED,1,1,88046.62,0.0,1e-05,0.9969,0.0
P1 CONSULTING INC,2,2,87826.88,87826.88,1e-05,0.99691,1.0
SITECH MID-CANADA LTD,1,1,87395.66,0.0,1e-05,0.99692,0.0
ASSOCIATE AIR MECHANICAL SYSTEMS,2,2,87270.0,26270.0,1e-05,0.99693,0.301
RICHARD ASHE,2,2,87187.5,87187.5,1e-05,0.99694,1.0
FDF GROUP,1,1,86466.15,0.0,1e-05,0.99695,0.0
BEACON LITE (OTTAWA) LTD,1,1,86088.62,0.0,1e-05,0.99696,0.0
"WHELAN TRUCK REPAIR INC,PRECISION DIESEL",1,1,85000.0,85000.0,1e-05,0.99697,1.0
STAR MOTORS OF OTTAWA,1,1,84803.35,0.0,1e-05,0.99698,0.0
PRIORITY SECURITY GROUP (9434-5543 QUEBEC INC),1,1,84550.0,0.0,1e-05,0.99699,0.0
RECORDPOINT SOFTWARE USA LLC,1,1,84456.72,0.0,1e-05,0.997,0.0
GC CONSTRUCTION,2,2,84231.34,0.0,1e-05,0.99701,0.0
"M&L SUPPLY,FIRE & SAFETY (3635112 CANADA INC)",1,1,83400.0,83400.0,1e-05,0.99702,1.0
UNIVERSAL PROTECTION SERVICE OF CA,1,1,83389.74,0.0,1e-05,0.99703,0.0
CANADIAN SAFETY EQUIPMENT INC,2,2,82505.0,0.0,1e-05,0.99704,0.0
CHRISTIE LITES OTTAWA,2,2,82460.9,0.0,1e-05,0.99705,0.0
BEREKET CLEANING AND MAINTENANCE COMPANY,1,1,82357.9,0.0,1e-05,0.99706,0.0
"ALLAN MCCOY CONTRACTING INC, JARA SERVICES (1786137 ONTARIO INC)",1,1,81723.62,0.0,1e-05,0.99707,0.0
GUILLEVIN INTERNATIONAL,1,1,81505.01,0.0,1e-05,0.99708,0.0
MANDEL SCIENTIFIC COMPANY INC,1,1,81504.0,0.0,1e-05,0.99709,0.0
J B FOREST PRODUCTS LTD,1,1,81370.0,0.0,1e-05,0.9971,0.0
CANADIAN INTERNET,1,1,81000.0,81000.0,1e-05,0.99711,1.0
ALBION SCREEN PRINTING INC,3,3,80946.0,0.0,1e-05,0.99712,0.0
PACIFIC SAFETY PRODUCTS INC,2,2,80854.54,42433.54,1e-05,0.99713,0.5248
SHAWN ROBINSON REFRIGERATION,1,1,80740.0,0.0,1e-05,0.99714,0.0
AKIPS PTY LTD,1,1,80721.0,80721.0,1e-05,0.99715,1.0
MARKITTABLE INC.,1,1,80583.0,0.0,1e-05,0.99716,0.0
"CAPITAL BACKFLOW CORP,TAILLEFER PLUMBING AND HEATING",2,2,80508.5,0.0,1e-05,0.99717,0.0
THE COMPUTER MEDIA GROUP,1,1,80486.34,0.0,1e-05,0.99718,0.0
KILLIN PRMC INC,2,2,80170.0,80170.0,1e-05,0.99719,1.0
EASTERN FARM MACHINERY LTD,1,1,80000.0,0.0,1e-05,0.9972,0.0
HELPSEEKER INC,1,2,80000.0,80000.0,1e-05,0.99721,1.0
N. HARRIS COMPUTER CORPORATION,1,1,80000.0,0.0,1e-05,0.99722,0.0
EVERLINE OTTAWA & MTL OUEST,1,1,80000.0,0.0,1e-05,0.99723,0.0
ONTARIO MUNICIPAL SOCIAL,1,1,79900.0,79900.0,1e-05,0.99724,1.0
MUNICIPAL WATER SOLUTIONS INC,1,1,79650.0,79650.0,1e-05,0.99725,1.0
MORRIS CHEMICALS,1,1,79353.88,0.0,1e-05,0.99726,0.0
MED e-CARE HEALTH SOLUTIONS INC,1,1,79220.56,79220.56,1e-05,0.99727,1.0
WASTE CONNECTIONS OF CANADA INC.,1,1,78744.6,0.0,1e-05,0.99728,0.0
WARLYN CONSTRUCTION LTD,1,1,78677.5,78677.5,1e-05,0.99729,1.0
TENUMBRA INC.,1,1,78591.0,0.0,1e-05,0.9973,0.0
LOCAL GARDENING SERVICES,1,2,78536.15,0.0,1e-05,0.99731,0.0
DBA SENSEQUAKE (9420410 CANADA INC),2,2,78414.0,78414.0,1e-05,0.99732,1.0
PROFEX CONSTRUCTION INC,1,1,77838.25,0.0,1e-05,0.99733,0.0
STITTSVILLE TRAILER & AUTO SALES IN,2,2,77780.0,0.0,1e-05,0.99734,0.0
OPEN REGENERATIVE TECHNOLOGIES INC,3,3,77750.0,77750.0,1e-05,0.99735,1.0
OXARO INC,1,1,77700.0,0.0,1e-05,0.99736,0.0
YRH INC,1,1,77637.5,0.0,1e-05,0.99737,0.0
PUBLIC EMERGENCY ALERTING,1,1,77500.0,0.0,1e-05,0.99738,0.0
"STRATHMAR TRENCHING LTD,RW TOMLINSON LTD,ASL AGRODRAIN LIMITED",1,1,77133.4,0.0,1e-05,0.99739,0.0
HANDICARE CANADA LTD,2,2,76907.58,76907.58,1e-05,0.9974,1.0
MAPLE LEAF ROPES,1,1,76442.6,0.0,1e-05,0.99741,0.0
MUNICIPAL TAX EQUITY CONSULTANTS IN,2,2,76250.0,0.0,1e-05,0.99742,0.0
GREENTECH,2,2,76170.0,0.0,1e-05,0.99743,0.0
WINSTON WILMONT INC.,2,2,76000.0,76000.0,1e-05,0.99744,1.0
DYMECH ENGINEERING INC,1,1,74222.5,0.0,1e-05,0.99745,0.0
DSQ CONSTRUCTION,1,1,73577.56,0.0,1e-05,0.99746,0.0
"RW TOMLINSON LTD,GIP PAVING INC",1,1,73210.0,0.0,1e-05,0.99747,0.0
SAMSON & ASSOCIES CPA CONSULTATION,1,1,72987.5,72987.5,1e-05,0.99748,1.0
RHEA INC.,2,2,72615.0,72615.0,1e-05,0.99749,1.0
DESIGN AND SYSTEMS,1,1,72541.73,0.0,1e-05,0.9975,0.0
"MALWOOD (9135545 CANADA INC),OSGOODE SAND AND GRAVEL LIMITED",1,1,72480.0,0.0,1e-05,0.99751,0.0
LUBESOURCE (CATALYS LUBRICANTS) (12317541 CANADA INC),1,1,72414.18,0.0,1e-05,0.99752,0.0
GREELY CONSTRUCTION INC,1,1,72410.41,0.0,1e-05,0.99753,0.0
CARRIER ENTERPRISE CANADA LP,1,1,71770.5,71770.5,1e-05,0.99754,1.0
SENSEQUAKE (9420410 CANADA INC),1,1,71712.0,71712.0,1e-05,0.99755,1.0
IBISKA TELECOM INC,2,2,71125.0,27125.0,1e-05,0.99756,0.3814
POPULUS TECHNOLOGIES INC,1,2,70600.0,70600.0,1e-05,0.99757,1.0
"HARLOW SNOWPLOWING AND,MCWILLIAMS CONSTRUCTION LIMITED,PRODIGY PROPERTY MAINTENANCE INC",1,1,70596.09,0.0,1e-05,0.99758,0.0
ALLIED MEDICAL INSTRUMENTS INC,1,1,70512.4,0.0,1e-05,0.99759,0.0
MAZEWELD A SANA DEE INC COMPANY,2,2,70419.0,0.0,1e-05,0.9976,0.0
RIDEAU ELEVATOR SERVICES INC,1,1,70406.6,0.0,1e-05,0.99761,0.0
GETSTEROO GMBH,1,1,70380.0,70380.0,1e-05,0.99762,1.0
RENOWN ELECTRIC MOTORS & REPAIR INC,1,1,70279.0,0.0,1e-05,0.99763,0.0
CANADA TICKET,2,2,70120.0,0.0,1e-05,0.99764,0.0
NIMBLE INFORMATION STRATEGIES INC,1,1,70080.0,0.0,1e-05,0.99765,0.0
CASCADES RECOVERY +,2,2,70000.0,70000.0,1e-05,0.99766,1.0
XK INNOVATE INC,1,1,69303.3,69303.3,1e-05,0.99767,1.0
ALLDATA,1,1,69000.0,69000.0,1e-05,0.99768,1.0
"ORBIS CANADA LTD,IPL NORTH AMERICA INC,RAELKON TEAMS INC",1,1,68166.77,0.0,1e-05,0.99769,0.0
SILVER LININGS HEALTHCARE INC,1,1,67751.01,0.0,1e-05,0.9977,0.0
CORNERSTONES MANAGEMENT,2,2,67000.0,67000.0,1e-05,0.99771,1.0
SKALAR INC,1,1,66715.0,66715.0,1e-05,0.99772,1.0
PERRY O'GRADY CONTRACTING,2,2,66690.0,0.0,1e-05,0.99773,0.0
UPLAND SOFTWARE INC/LOGICIELS UPLAN,1,1,66493.33,66493.33,1e-05,0.99774,1.0
"MILLERS TRUCKING AND EXCAVATION LTD,MIKE MORRIS EQUIPMENT RENTALS INC",1,1,66360.0,0.0,1e-05,0.99775,0.0
ROLLING LUXURY INC.,1,1,66330.0,66330.0,1e-05,0.99776,1.0
HONEY CONSTRUCTION LTD,1,1,66312.0,0.0,1e-05,0.99777,0.0
MYERS?ORLEANS CHEV?BUICK? GMC,1,1,66283.0,66283.0,1e-05,0.99778,1.0
VEZINA OPTICIANS,1,1,65800.14,0.0,1e-05,0.99779,0.0
KATHERINE ANN HIRSCH,2,2,65635.0,65635.0,1e-05,0.9978,1.0
SPORTSYSTEMS CANADA INC.,2,2,65262.0,37393.0,1e-05,0.99781,0.573
PETRO?CANADA LUBRICANTS INC,1,1,65080.0,0.0,1e-05,0.99782,0.0
BOYDEN ONTARIO INC,1,1,65000.0,0.0,1e-05,0.99783,0.0
MINWAASHIN LODGE,1,1,65000.0,65000.0,1e-05,0.99784,1.0
TOTAL FIRE PROTECTION INC,1,1,65000.0,0.0,1e-05,0.99785,0.0
CANADIAN RED CROSS SOCIETY,1,1,65000.0,65000.0,1e-05,0.99786,1.0
PR TY ARCHITECTS INC,2,2,64982.5,0.0,1e-05,0.99787,0.0
UNIVERSAL POWER SOLUTIONS,1,1,64940.0,0.0,1e-05,0.99788,0.0
B G GORHAM CONSTRUCTION,1,1,64761.96,0.0,1e-05,0.99789,0.0
PREVOST CAR INC,1,1,64073.44,64073.44,1e-05,0.9979,1.0
PATERSON GROUP CONSULTING ENGINEERS,1,1,63840.0,0.0,1e-05,0.99791,0.0
ADIAS IMPEX LTD,1,1,62701.1,0.0,1e-05,0.99792,0.0
CORNWALL GRAVEL,1,1,62560.0,0.0,1e-05,0.99793,0.0
DAIKIN APPLIED CANADA INC,1,1,62550.0,62550.0,1e-05,0.99794,1.0
"GREEN WORKS CONTRACTING INC,BURNS LANDSCAPE MAINTENANCE",1,1,62521.03,0.0,1e-05,0.99795,0.0
MICHAEL G HADDAD (14266111 CANADA INC),1,1,62400.0,62400.0,1e-05,0.99796,1.0
LEAN AGILITY INC,2,2,62205.0,0.0,1e-05,0.99797,0.0
RIMKUS CONSULTING GROUP CANADA INC,1,1,62133.5,0.0,1e-05,0.99798,0.0
"ABC RECREATION LTD,HENDERSON RECREATION EQUIPMENT,NEW WORLD PARK SOLUTIONS INC,OPENSPACE SOLUTIONS INC,PARK N PLAY DESIGN COMPANY LTD",1,1,62056.98,0.0,1e-05,0.99799,0.0
INDUSTRIAL ELECTRICAL CONTRACTORS,1,1,61620.47,0.0,1e-05,0.998,0.0
TOERSA SECURITY INC,1,1,60633.68,0.0,1e-05,0.99801,0.0
BELANGER CHRYSLER DODGE JEEP RAM IN,1,1,60367.0,60367.0,1e-05,0.99802,1.0
DOTMAR FITNESS EQUIPMENT INC.,1,1,60300.0,0.0,1e-05,0.99803,0.0
POWERSCREEN OF CANADA,1,1,60000.0,60000.0,1e-05,0.99804,1.0
RONALD C LISTER CANADA INC,1,1,60000.0,0.0,1e-05,0.99805,0.0
ROGERS TV? OTTAWA,1,1,60000.0,60000.0,1e-05,0.99806,1.0
CANADIAN RED CROSS,1,1,59998.0,59998.0,1e-05,0.99807,1.0
PKS EQUIPMENT AND ENGINEERING INC,1,1,59923.0,59923.0,1e-05,0.99808,1.0
GOSS GILROY INC,1,1,59830.0,59830.0,1e-05,0.99809,1.0
STANTEC CONSULTING LTD.,1,1,59598.0,0.0,1e-05,0.9981,0.0
PLATINUM 10 RESCUE SYSTEMS (2542149 ONTARIO LTD),1,1,59511.54,59511.54,1e-05,0.99811,1.0
LAVA COMPUTER MFG. INC.,1,1,59500.0,59500.0,1e-05,0.99812,1.0
OXARO INC.,1,1,59500.0,0.0,1e-05,0.99813,0.0
GEORGE COUREY,1,1,59472.0,0.0,1e-05,0.99814,0.0
DATASPLICE LLC,1,1,59447.0,59447.0,1e-05,0.99815,1.0
CONCEPT CONTROLS INC,1,1,59364.0,59364.0,1e-05,0.99816,1.0
3M CANADA INC,1,1,58888.13,0.0,1e-05,0.99817,0.0
WESCO DISTRIBUTION CANADA INC,1,1,58833.6,0.0,1e-05,0.99818,0.0
NORTHERN SPECIALTY SUPPLIES INC,2,2,58585.8,0.0,1e-05,0.99819,0.0
SENSEN NETWORKS LTD,1,1,58500.0,58500.0,1e-05,0.9982,1.0
DONNELLY FORD LINCOLN,1,1,58270.1,0.0,1e-05,0.99821,0.0
GEOVERRA INC,1,1,57989.0,0.0,1e-05,0.99822,0.0
FOREVER GREEN ROOFING INC,1,1,57805.88,57805.88,1e-05,0.99823,1.0
AQUAM INC,1,1,57804.55,0.0,1e-05,0.99824,0.0
SYMBEO INC,1,1,57600.0,57600.0,1e-05,0.99825,1.0
MYERS CHEV OLDS CADILLAC INC.,1,1,57032.84,0.0,1e-05,0.99826,0.0
SAFEGUARD PERIMETER SOLUTIONS INC,1,1,57010.54,57010.54,1e-05,0.99827,1.0
LEADING MOBILITY CONSULTING LTD,1,1,57000.0,57000.0,1e-05,0.99828,1.0
"GRAY MATTER SYSTEMS, LLC",1,1,56980.0,56980.0,1e-05,0.99829,1.0
BUY SOCIAL CANADA CCC LTD.,1,1,56831.51,56831.51,1e-05,0.9983,1.0
VELO-TRANSIT,2,2,56415.0,56415.0,1e-05,0.99831,1.0
DAVID BERMAN COMMUNICATIONS,2,2,56413.5,0.0,1e-05,0.99832,0.0
ROBERTSON RENT ALL INC,1,1,56408.5,0.0,1e-05,0.99833,0.0
ABB EMOBILITY INC,1,1,55810.96,55810.96,1e-05,0.99834,1.0
REHRIG PACIFIC COMPANY,1,1,55675.0,0.0,1e-05,0.99835,0.0
CAPITAL SECURITY AND,1,1,55495.6,0.0,1e-05,0.99836,0.0
SIMONEAU & STERLING INC,1,1,55235.0,55235.0,1e-05,0.99837,1.0
NEDCO DIV OF REXEL CANADA ELECTRICA,1,1,55147.05,0.0,1e-05,0.99838,0.0
ACKLANDS GRAINGER INC,1,1,55141.43,0.0,1e-05,0.99839,0.0
NATIONAL CAPITAL COMMISSION,1,1,55000.0,0.0,1e-05,0.9984,0.0
STRATEGY MANAGEMENT INSTITUTE,1,1,54738.0,54738.0,1e-05,0.99841,1.0
BERRN CONSULTING LTD,1,1,54607.41,0.0,1e-05,0.99842,0.0
"SILVER SCRIPTS INC,ONTARIO MEDICAL SUPPLY",1,1,54534.34,0.0,1e-05,0.99843,0.0
ZIRO TECHNOLOGIES INC,1,1,54518.94,54518.94,1e-05,0.99844,1.0
PCS GENERAL CONTRACTORS,1,1,54450.0,0.0,1e-05,0.99845,0.0
IFATHOM CORPORATION,1,1,54337.5,54337.5,1e-05,0.99846,1.0
LRI ENGINEERING INC,2,2,54238.0,0.0,1e-05,0.99847,0.0
MCWILLIAMS CONSTRUCTION LIMITED,1,2,53830.0,0.0,1e-05,0.99848,0.0
LES INDUSTRIES TAG RIVE SUD INC,1,1,53700.0,53700.0,1e-05,0.99849,1.0
WILLIAM A HARPER,1,1,53550.0,53550.0,1e-05,0.9985,1.0
"R.C. SYSTEMS, INC.",1,1,53387.75,53387.75,1e-05,0.99851,1.0
SITECH MID?CANADA LTD,1,1,53205.14,0.0,1e-05,0.99852,0.0
"BORDER CONTROL BIRD DOGS INC,AERIAL PERSPECTIVE",1,1,53124.4,0.0,1e-05,0.99853,0.0
BBC GLOBAL NEWS LTD,1,1,52957.0,52957.0,1e-05,0.99854,1.0
MYERS-ORLEANS CHEV-BUICK-GMC,1,1,52917.51,0.0,1e-05,0.99855,0.0
A ROHLING CONTRUSTION SERVICES INC.,1,1,52895.23,0.0,1e-05,0.99856,0.0
PURPLE POTTIES,2,2,52522.36,0.0,1e-05,0.99857,0.0
TWIN EQUIPMENT LIMITED,2,2,52489.72,0.0,1e-05,0.99858,0.0
GRADIENT WIND ENGINEERING INC,1,1,52200.0,52200.0,1e-05,0.99859,1.0
ROONEY IRVING AND ASSOC LTD,1,1,51701.0,0.0,1e-05,0.9986,0.0
IN-DEPTH CONTRACTING,1,1,51623.0,0.0,1e-05,0.99861,0.0
LEASEWEB CANADA INC,1,1,51315.24,51315.24,1e-05,0.99862,1.0
STITTSVILLE TRAILER & AUTO SALES INC,1,1,51300.0,0.0,1e-05,0.99863,0.0
"GODFREY ROOFING INC,ATLAS-APEX ROOFING (OTTAWA) INC,ROOF TOPS ROOFING LTD",1,1,50000.0,0.0,1e-05,0.99864,0.0
CANADIAN INTERCITY (2647475 ONTARIO LIMITED),1,1,50000.0,50000.0,1e-05,0.99865,1.0
"D AND H FENCING,BRADLEY'S LANDSCAPING INC",1,1,50000.0,0.0,1e-05,0.99866,0.0
A ADAIR & ASSOCIATES CONSULTING INC,1,1,50000.0,50000.0,1e-05,0.99867,1.0
.,1,1,50000.0,50000.0,1e-05,0.99868,1.0
COMSATEC INC.,1,1,50000.0,0.0,1e-05,0.99869,0.0
MANAGERIUM,1,1,49950.0,49950.0,1e-05,0.9987,1.0
CAPITAL TRUCK BODIES INC,1,1,49900.0,0.0,1e-05,0.99871,0.0
ACCARA INC.,1,1,49610.25,0.0,1e-05,0.99872,0.0
BALL CONSTRUCTION INC,1,1,49495.0,49495.0,1e-05,0.99873,1.0
STRATEGYCORP OTTAWA INC.,1,1,49408.31,49408.31,1e-05,0.99874,1.0
SOFTCHOICE LP,1,1,49377.0,0.0,1e-05,0.99875,0.0
CREATIVE ARTISTS AGENCY,1,1,49100.0,49100.0,1e-05,0.99876,1.0
XANTHUS SECURITY INC,1,1,49000.0,0.0,1e-05,0.99877,0.0
DR YM MARKUS MEDICINE,1,1,48960.0,48960.0,1e-05,0.99878,1.0
GABRIEL MACKINNON INC,1,1,48896.4,48896.4,1e-05,0.99879,1.0
BRIGHT ELECTRIC,1,1,48855.7,48855.7,1e-05,0.9988,1.0
ART ENGINEERING INC.,1,1,48645.0,0.0,1e-05,0.99881,0.0
PROFESSIONAL SOUND AND LIGHTING,1,1,48638.5,0.0,1e-05,0.99882,0.0
INTU DESIGN LTD,1,1,48411.0,0.0,1e-05,0.99883,0.0
TECHNICAL STANDARDS SAFETY AUTHORITY (8864926 CANADA INC. DRSS),1,1,48407.82,0.0,1e-05,0.99884,0.0
GIC?GREENFLOW,1,1,48235.0,0.0,1e-05,0.99885,0.0
AINSWORTH INC.,1,1,48000.0,48000.0,1e-05,0.99886,1.0
BETTY DION ENTERPRISES LTD,1,1,47961.25,47961.25,1e-05,0.99887,1.0
CONNEX TELECOMMUNICATIONS INC,1,1,47852.09,0.0,1e-05,0.99888,0.0
MG POWER SERVICE ASSOCIATES INC,1,1,47300.0,0.0,1e-05,0.99889,0.0
ANIXTER CANADA INC,1,1,47255.32,0.0,1e-05,0.9989,0.0
"EPS US, LLC",1,1,46883.71,46883.71,1e-05,0.99891,1.0
RESILIENT WORLD INSTITUTE,1,1,46800.0,46800.0,1e-05,0.99892,1.0
"KCE CONSTRUCTION LTD,POLANE EXCAVATION,W H MACSWEYN INC",1,1,46791.8,0.0,1e-05,0.99893,0.0
1-888-DR WASTE INC.,1,1,46739.0,46739.0,1e-05,0.99894,1.0
WRIGHT'S WELDING LTD,1,1,46725.0,0.0,1e-05,0.99895,0.0
LIMEROCK SECURITY INC,1,1,46638.4,0.0,1e-05,0.99896,0.0
KILMARNOCK ENTERPRISE,1,1,46630.0,0.0,1e-05,0.99897,0.0
XL SHELTER,1,1,46452.0,0.0,1e-05,0.99898,0.0
ALLIANCE CORPORATION,1,1,46379.08,46379.08,1e-05,0.99899,1.0
STRATFORD GROUP LTD,1,1,46268.0,46268.0,1e-05,0.999,1.0
IRON ROAD SOFTWARE & SIMULATION INC,1,1,46240.0,46240.0,1e-05,0.99901,1.0
G HO ENGINEERING CONSULTANTS INC,1,1,46227.5,0.0,1e-05,0.99902,0.0
BRONSON CONSULTING GROUP,1,1,46200.0,0.0,1e-05,0.99903,0.0
ROTORK CONTROLS (CANADA) LIMITED,1,1,46160.19,46160.19,1e-05,0.99904,1.0
TURNER & TOWNSEND,1,1,45870.0,45870.0,1e-05,0.99905,1.0
LANSDOWNE TECHNOLOGIES INC,1,1,45825.0,45825.0,1e-05,0.99906,1.0
"CTM SWEEPING CO,WARNOCK EQUIPMENT SERVICES LTD",1,1,45580.0,0.0,1e-05,0.99907,0.0
PROCLEAN SERVICES,1,1,45507.96,0.0,1e-05,0.99908,0.0
ANTHRATECH WESTERN INC,1,1,45350.0,0.0,1e-05,0.99909,0.0
RIDER TOOL AND MANUFACTURING CO,1,1,45300.0,45300.0,1e-05,0.9991,1.0
SOBANA WELDING,1,1,45292.5,0.0,1e-05,0.99911,0.0
ATS TRAFFIC LTD,1,1,45086.96,0.0,1e-05,0.99912,0.0
WEBTACTICS INC,1,1,45000.0,45000.0,1e-05,0.99913,1.0
CANADA SDS,1,1,45000.0,0.0,1e-05,0.99914,0.0
PLAMONDON & ASSOCIATES INC.,1,1,45000.0,45000.0,1e-05,0.99915,1.0
ALGARVE MAINTENANCE SERVICES LTD,1,1,45000.0,0.0,1e-05,0.99916,0.0
AC LOGISTICS CANADA INC.,1,1,45000.0,0.0,1e-05,0.99917,0.0
MYERS KANATA CHEV BUICK GMC,1,1,44761.0,0.0,1e-05,0.99918,0.0
"ESCAL INSTITUTE OF ADVANCED TECHNOLOGIES, INC. D/B/A SANS INSTITUTE",1,1,44607.88,44607.88,1e-05,0.99919,1.0
BELROC GROUP INC,1,1,44227.4,44227.4,1e-05,0.9992,1.0
RALPH CONNOR COMPANY LTD,1,1,44222.0,44222.0,1e-05,0.99921,1.0
"STREETLIGHT DATA, INC.",1,1,44160.0,44160.0,1e-05,0.99922,1.0
SNC LAVALIN ENVIRONMENT,1,1,44118.39,0.0,1e-05,0.99923,0.0
GIS PLANNING INC,1,1,44100.0,0.0,1e-05,0.99924,0.0
BOSS IMAGE INC,1,1,44000.0,0.0,1e-05,0.99925,0.0
ATELIER PLANTAGENET WORKSHOP,1,1,43650.0,0.0,1e-05,0.99926,0.0
EFFECTIVE COMMAND CANADA LTD,1,1,43450.0,43450.0,1e-05,0.99927,1.0
MOTORCYCLE MASTERS INC,1,1,43200.0,0.0,1e-05,0.99928,0.0
FARLEY SMITH AND DENIS SURVEYING LT,1,1,42715.0,0.0,1e-05,0.99929,0.0
SATORI INTERRESEAUTAGE INC.,1,1,42400.0,42400.0,1e-05,0.9993,1.0
WASTE'N WATERTECH LTD,1,1,42353.28,0.0,1e-05,0.99931,0.0
"AFRICAN, CARIBBEAN & BLACK WELLNESS",1,1,42229.2,42229.2,1e-05,0.99932,1.0
SICOTTE GUILBAULT LLP - IN TRUST,1,1,42042.0,42042.0,1e-05,0.99933,1.0
SSMWHITE CONSULTING,1,1,42000.0,42000.0,1e-05,0.99934,1.0
SPRUCE CREATIVE INC,1,1,42000.0,0.0,1e-05,0.99935,0.0
RESCUE CANADA RESOURCE GROUP INC.,1,1,41976.0,0.0,1e-05,0.99936,0.0
CGI ISMC INC,1,1,41846.48,0.0,1e-05,0.99937,0.0
"MYERS CARSTAR,EASTWAY COLLISION,NEW FLYER INDUSTRIES",1,1,41666.67,0.0,1e-05,0.99938,0.0
PARANIS CONSTRUCTION INC,1,1,41580.0,0.0,1e-05,0.99939,0.0
CANADIAN BABBITT BEARINGS LTD.,1,1,41555.0,0.0,1e-05,0.9994,0.0
LASHLEY + ASSOCIATES CORPORATION,1,1,41320.0,0.0,1e-05,0.99941,0.0
WESTERN CANADA HEAT EXCHANGER LTD,1,1,41201.0,41201.0,1e-05,0.99942,1.0
CARPELL SURFACES INC,1,1,41160.0,41160.0,1e-05,0.99943,1.0
URBANLINK CIVIL LTD.,1,1,40665.04,0.0,1e-05,0.99944,0.0
KB MEDIA CORP.,1,1,40645.0,0.0,1e-05,0.99945,0.0
OPTIMA IMAGING,1,1,40640.0,0.0,1e-05,0.99946,0.0
MARK THOMPSON,1,1,40608.71,40608.71,1e-05,0.99947,1.0
ITALIAN TELEPHONE DIRECTORY (1618442 ONTARIO INC),1,1,40223.0,0.0,1e-05,0.99948,0.0
G DOYON CUISINE INC,1,1,39938.29,0.0,1e-05,0.99949,0.0
INSIGHT CANADA INC,1,1,39817.05,0.0,1e-05,0.9995,0.0
ST LAWRENCE POOLS (1995) LIMITED,1,1,39800.0,0.0,1e-05,0.99951,0.0
CAMM HEAVY MACHINERY MOVERS LIMITED,1,1,39800.0,0.0,1e-05,0.99952,0.0
PICKFIELD LAW PROFESSIONAL CORP,1,1,39600.0,39600.0,1e-05,0.99953,1.0
CUBIC ITS INC,1,1,39566.07,39566.07,1e-05,0.99954,1.0
PEBCO,1,1,39511.05,39511.05,1e-05,0.99955,1.0
IVYS ADSORPTION INC,1,1,39434.0,0.0,1e-05,0.99956,0.0
GOURLAY EQUIPMENT RENTALS,1,1,39250.0,0.0,1e-05,0.99957,0.0
OTB SOLUTIONS GROUP LLC,1,1,39161.0,39161.0,1e-05,0.99958,1.0
INNOVATIVE TRAFFIC SOLUTIONS INC,1,1,39065.96,39065.96,1e-05,0.99959,1.0
SURGENOR NATIONAL LEASING,1,1,39000.0,39000.0,1e-05,0.9996,1.0
BOURDEAU METAL SHOP,1,1,38900.0,38900.0,1e-05,0.99961,1.0
ALTUS GROUP LIMITED,1,1,38625.0,0.0,1e-05,0.99962,0.0
TAMARACK INSTITUTE,1,1,38450.0,38450.0,1e-05,0.99963,1.0
TRUDELL HEALTHCARE SOLUTIONS INC,1,1,38149.0,38149.0,1e-05,0.99964,1.0
ROYAL CROWN CONSTRUCTION (2339366 ONTARIO INC),1,1,38111.48,0.0,1e-05,0.99965,0.0
SITEFORM INC,1,1,38102.0,0.0,1e-05,0.99966,0.0
COMPRISE TECHNOLOGIES INC,1,1,37556.25,37556.25,1e-05,0.99967,1.0
HAYWARD GORDON ULC,1,1,37317.63,0.0,1e-05,0.99968,0.0
LONG BRANCH FOUNDRY INC,1,1,37017.5,37017.5,1e-05,0.99969,1.0
PROTECTIVE CLOTHING SOLUTIONS,1,1,36938.46,36938.46,1e-05,0.9997,1.0
"ESCAL INSTITUTE OF ADVANCED TECHNOLOGIES, INC.",1,1,36895.0,36895.0,1e-05,0.99971,1.0
PARK PLACE TECHNOLOGIES CANADA ULC,1,1,36831.96,36831.96,1e-05,0.99972,1.0
TFC OTTAWA INC,1,1,36696.2,0.0,1e-05,0.99973,0.0
911 SUPPLY AND ADVENTURE GEAR INC,1,1,36680.44,0.0,1e-05,0.99974,0.0
PATTISON OUTDOOR ADVERTISING LP,1,1,36600.0,0.0,1e-05,0.99975,0.0
PARKLANE COMPUTER SYSTEMS,1,1,36585.0,36585.0,1e-05,0.99976,1.0
TROY LIFE AND FIRE SAFETY LTD,1,1,36300.0,0.0,1e-05,0.99977,0.0
AGILE RESPONSE CONSULTING LIMITED,1,1,36121.98,0.0,1e-05,0.99978,0.0
PREDICTIVE SUCCESS CORPORATION,1,1,35938.7,35938.7,1e-05,0.99979,1.0
LEGERE INDUSTRIAL SUPPLIES LTD,1,1,35700.03,35700.03,1e-05,0.9998,1.0
ATARA EQUIPMENT LTD,1,1,35650.0,35650.0,1e-05,0.99981,1.0
MASIMO CANADA ULC,1,1,35580.0,35580.0,1e-05,0.99982,1.0
YORKLAND CONTROLS LTD,1,1,35560.0,0.0,1e-05,0.99983,0.0
CORE EQUIPMENT INC,1,1,35545.62,0.0,1e-05,0.99984,0.0
OTTAWA CONFERENCE AND EVENT CENTRE,1,1,35520.0,0.0,1e-05,0.99985,0.0
NORTHERN TRANSFORMER CORPORATION,1,1,35388.0,35388.0,1e-05,0.99986,1.0
MEASUR(879142 ALBERTA LTD),1,1,35300.0,0.0,1e-05,0.99987,0.0
OMNI MCCANN INC,1,1,35271.5,0.0,1e-05,0.99988,0.0
NEPEAN HOUSING CORPORATION,1,1,35141.17,35141.17,1e-05,0.99989,1.0
ZENCITY TECHNOLOGIES LTD,1,1,35000.0,35000.0,1e-05,0.9999,1.0
PAUL VAN DER WERF,1,1,35000.0,0.0,1e-05,0.99991,0.0
TRICO PACKAGING & PRINT SOLUTIONS I,1,1,35000.0,0.0,1e-05,0.99992,0.0
N BARRY LYON CONSULTANTS LTD,1,1,35000.0,35000.0,1e-05,0.99993,1.0
PRISTINE MAINTENANCE + DESIGN,1,1,34579.5,0.0,1e-05,0.99994,0.0
PATWELL CONSULTING,1,1,34370.07,0.0,1e-05,0.99995,0.0
CAMPANA SYSTEMS INC,1,1,34216.56,34216.56,1e-05,0.99996,1.0
SUSTAINABILITY SOLUTIONS GROUP,1,1,34000.0,34000.0,1e-05,0.99997,1.0
HAWTHORNE CLEANING SYSTEMS LTD,1,1,33900.0,0.0,1e-05,0.99998,0.0
FLEET CHALLENGE ONTARIO,1,1,33881.91,33881.91,1e-05,0.99999,1.0
ACAPULCO,1,1,33720.0,0.0,1e-05,1.0,0.0
THERMO FISHER SCIENTIFIC MISSISSAUG,1,1,33328.86,33328.86,1e-05,1.00001,1.0
ULTEIG CANADA INC,1,1,33195.25,0.0,1e-05,1.00002,0.0
COHEN AND COHEN,1,1,33120.0,0.0,1e-05,1.00003,0.0
BUNZL CANADA KINGSTON,1,1,33099.12,0.0,1e-05,1.00004,0.0
COWI NORTH AMERICA LTD,1,1,32961.5,0.0,1e-05,1.00005,0.0
WESTBORO FLOORING AND DECOR INC,1,1,32928.62,0.0,1e-05,1.00006,0.0
BLUEROVER INC,1,1,32508.0,32508.0,1e-05,1.00007,1.0
FIL-TREK CORPORATION,1,1,32497.5,32497.5,1e-05,1.00008,1.0
UTCOMP INC,1,1,32408.2,32408.2,1e-05,1.00009,1.0
MIRION TECHNOLOGIES (CANBERRA CA) L,1,1,32276.0,0.0,1e-05,1.0001,0.0
MODERN REQUIREMENTS,1,1,32064.0,32064.0,1e-05,1.00011,1.0
NORTHERN COMMUNICATION SERVICES INC,1,1,32000.0,32000.0,1e-05,1.00012,1.0
PRA INC,1,1,31890.0,0.0,1e-05,1.00013,0.0
ALDEA ENGINEERING AND CONSULTING LTD,1,1,31680.0,31680.0,1e-05,1.00014,1.0
S AND L WASTETECH(1146592 ),1,1,31500.0,31500.0,1e-05,1.00015,1.0
LE GROUPE A&A SPECIALISTE DU DOCUMENT (MONTREAL) INC,1,1,31455.0,0.0,1e-05,1.00016,0.0
W ELIAS ENGINEERING CONSULTANTS,1,1,31250.0,0.0,1e-05,1.00017,0.0
HONEY GLASS AND WINDOW LTD,1,1,31224.0,0.0,1e-05,1.00018,0.0
INITIATE MARKETING INC,1,1,31185.0,0.0,1e-05,1.00019,0.0
TRANSOFT SOLUTIONS INC,1,1,31157.5,31157.5,1e-05,1.0002,1.0
FLEETZERO INC,1,1,31150.0,31150.0,1e-05,1.00021,1.0
IWEB TECHNOLOGIES INC,1,1,31126.76,31126.76,1e-05,1.00022,1.0
RATECH ELECTRONICS LIMITED,1,1,31006.8,31006.8,1e-05,1.00023,1.0
FLEET PROSOUND & LIGHTING INC,1,1,30746.55,30746.55,1e-05,1.00024,1.0
SEAWAY VALLEY MILLWRIGHTING INC,1,1,30250.0,0.0,1e-05,1.00025,0.0
JOHNSTON LITAVSKI LTD.,1,1,30180.0,30180.0,1e-05,1.00026,1.0
TARTEN EQUIPMENT LTD,1,1,30066.2,30066.2,1e-05,1.00027,1.0
THE MENSOUR AGENCY LTD,1,1,30000.0,30000.0,1e-05,1.00028,1.0
ER SOFTWARE CANADA ULC,1,1,30000.0,30000.0,1e-05,1.00029,1.0
SINIX MEDIA GROUP,1,1,29977.25,0.0,1e-05,1.0003,0.0
CTM SWEEPING CO,1,1,29796.72,0.0,0.0,1.0003,0.0
NORTH52 SOFTWARE APPLICATIONS LIMIT,1,1,29280.0,29280.0,0.0,1.0003,1.0
DIGI INTERNATIONAL INC,1,1,29190.0,29190.0,0.0,1.0003,1.0
FSN TRAINING AND DEVELOPMENT INC,1,1,29150.6,29150.6,0.0,1.0003,1.0
OGGI MARKETPLACE,1,1,29060.0,0.0,0.0,1.0003,0.0
RDV TECH,1,1,29043.0,0.0,0.0,1.0003,0.0
STEPHEN GIUSTIZIA,1,1,28875.0,28875.0,0.0,1.0003,1.0
FLEMING COMMUNICATIONS INC,1,1,28802.55,28802.55,0.0,1.0003,1.0
INTERGRAPH CANADA LTD,1,1,28651.32,28651.32,0.0,1.0003,1.0
"CERTAINTY 3D, LLC dba TOPODOT",1,1,28566.28,28566.28,0.0,1.0003,1.0
FIVE STAR ENTERPRISES,1,1,28500.0,0.0,0.0,1.0003,0.0
AQUACLIMATE SERVICES,1,1,28400.0,28400.0,0.0,1.0003,1.0
PAUL S LESKEW AND ASSOCIATES INC,1,1,28382.0,0.0,0.0,1.0003,0.0
GOODMAN P&M ENG. INC.,1,1,28355.04,28355.04,0.0,1.0003,1.0
SOCIAL PLANNING COUNCIL OF OTTAWA,1,1,28295.0,28295.0,0.0,1.0003,1.0
EXPERCOM TELECOMMUNICATIONS,1,1,28080.0,28080.0,0.0,1.0003,1.0
MOORE DESIGN CONSULTANT,1,1,28000.0,28000.0,0.0,1.0003,1.0
SULZER PUMPS (CANADA) INC.,1,1,27790.05,27790.05,0.0,1.0003,1.0
HOVEY INDUSTRIES LTD,1,1,27716.01,27716.01,0.0,1.0003,1.0
JD BRULE INC,1,1,27684.03,27684.03,0.0,1.0003,1.0
ZEDCOR SECURITY SOLUTIONS CORP,1,1,27650.0,27650.0,0.0,1.0003,1.0
WOLSELEY CANADA INC,1,1,27650.0,0.0,0.0,1.0003,0.0
RAMPART INTERNATIONAL CORP,1,1,27560.4,27560.4,0.0,1.0003,1.0
MALWOOD(9135545 CANADA INC),1,1,27200.0,0.0,0.0,1.0003,0.0
ADVANIS INC,1,1,27100.0,27100.0,0.0,1.0003,1.0
GRAEMAR CARPENTERS & JOINERS INC,1,1,27050.0,0.0,0.0,1.0003,0.0
ONTARIO GOOD ROADS ASSOCIATION,1,1,27000.0,27000.0,0.0,1.0003,1.0
TERRY MURRAY LUMBER (1706217 ONTARIO INC),1,1,26961.0,0.0,0.0,1.0003,0.0
SCRAP MY CAR INC (9755373 CANADA INC),1,1,26840.0,0.0,0.0,1.0003,0.0
MATTRESS MART,1,1,26815.0,0.0,0.0,1.0003,0.0
CATTAN TECHNOLOGIES INC,1,1,26679.0,0.0,0.0,1.0003,0.0
STEWART TSAI ARCHITECTS INC,1,1,26665.0,0.0,0.0,1.0003,0.0
"ZONE TECH AIR CONDITIONING,3V MECHANICAL,PSL MECHANICAL HEATING",1,1,26624.02,0.0,0.0,1.0003,0.0
LGL LIMITED,1,1,26605.0,26605.0,0.0,1.0003,1.0
M GOOD CUSTOM TAILOR,1,1,26548.0,0.0,0.0,1.0003,0.0
SOCIETY OF ONTARIO ADJUDICATORS,1,1,26534.86,26534.86,0.0,1.0003,1.0
FAST EDDIE'S,1,1,26450.0,0.0,0.0,1.0003,0.0
WORKFORCE SOFTWARE,1,1,26403.0,26403.0,0.0,1.0003,1.0
ZEDCOR SECURITY SOLUTIONS CORP.,1,1,26400.0,26400.0,0.0,1.0003,1.0
NETDIMENSIONS INC,1,1,26318.38,26318.38,0.0,1.0003,1.0
MYKN INC o/a ADWEAR + PROMOSTUFF,1,1,26300.0,0.0,0.0,1.0003,0.0
PROCUREMENT ADVISORY OFFICE,1,1,26000.0,26000.0,0.0,1.0003,1.0
FOREST GENE CONSERVATION,1,1,26000.0,26000.0,0.0,1.0003,1.0
BA CONSULTING GROUP LTD,1,1,26000.0,26000.0,0.0,1.0003,1.0
KARSCO DISTRIBUTION INC.,1,1,25679.06,0.0,0.0,1.0003,0.0
UNIVERSAL FIELD SUPPLIES INC,1,1,25605.4,0.0,0.0,1.0003,0.0
MICHEL HADDAD (14266111 CANADA INC),1,1,25600.0,25600.0,0.0,1.0003,1.0
LANDTECH INC,1,1,25500.0,0.0,0.0,1.0003,0.0
SEAN GADON,1,1,25500.0,25500.0,0.0,1.0003,1.0
AWD CONTRACTORS(2099042 ONTARIO),1,1,25300.0,0.0,0.0,1.0003,0.0
LEVEL SIX INC,1,1,25256.0,0.0,0.0,1.0003,0.0
MOLLOY CONTRACTING,1,1,25216.5,0.0,0.0,1.0003,0.0
RAM OVERHEAD DOOR SYSTEMS LTD,1,1,25134.4,0.0,0.0,1.0003,0.0
CAMFIL CANADA INC.,1,1,25104.86,0.0,0.0,1.0003,0.0
PROMAX COMBUSTION,1,1,25091.66,0.0,0.0,1.0003,0.0
MEGGER LIMITED,1,1,25078.2,0.0,0.0,1.0003,0.0
PEOPLEFLUENT INC,1,1,25005.11,25005.11,0.0,1.0003,1.0
LESLEY ANTOUN CONSULTING,1,1,25000.0,25000.0,0.0,1.0003,1.0
MODERN TERRAZZO FLOORING LTD,1,1,25000.0,0.0,0.0,1.0003,0.0
CRAIG MANUFACTURING LTD,1,1,25000.0,0.0,0.0,1.0003,0.0
JOHN OWENS,1,1,25000.0,25000.0,0.0,1.0003,1.0
ONTARIO COALITION FOR BETTER CHILD,1,1,25000.0,25000.0,0.0,1.0003,1.0
ROGERS TV- OTTAWA,1,1,25000.0,25000.0,0.0,1.0003,1.0
